status,decade,title,artist,year,video_id,youtube_title,channel,length,score,url
matched,80s,Monica,張國榮,1984,w3N5tisg20I,Monica | 張國榮 Leslie Cheung | Official Music Video | 詞：黎彼得   | 曲：NOBODY,華星唱片 Capital Artists Official Channel,3:39,124,https://www.youtube.com/watch?v=w3N5tisg20I
matched,80s,風繼續吹,張國榮,1983,UmTB6E5mU5w,風繼續吹| 電影《縱橫四海》主題曲 | 張國榮 Leslie Cheung | Official Music Video | 曲：Uzaki Ryudo | 詞：Aki Yoko,華星唱片 Capital Artists Official Channel,5:19,116,https://www.youtube.com/watch?v=UmTB6E5mU5w
matched,80s,為你鍾情,張國榮,1985,lkd06VLJGQg,為妳鍾情 | 張國榮 Leslie Cheung | Official Music Video | 曲：王正宇 | 詞：黃霑,華星唱片 Capital Artists Official Channel,4:04,124,https://www.youtube.com/watch?v=lkd06VLJGQg
matched,80s,不羈的風,張國榮,1985,hEofxPB73Is,不羈的風  | 張國榮 Leslie Cheung | Official Music Video | 曲：大安管志幸 | 詞：林振強,華星唱片 Capital Artists Official Channel,3:48,124,https://www.youtube.com/watch?v=hEofxPB73Is
matched,80s,當年情,張國榮,1986,hCxE724_aWk,【TVB十大勁歌金曲1986】當年情 | 張國榮 Leslie Cheung | 頒獎及演唱 |電影《英雄本色》 主題曲 | 詞：黃霑      | 曲：顧嘉煇,華星唱片 Capital Artists Official Channel,7:56,124,https://www.youtube.com/watch?v=hCxE724_aWk
matched,80s,有誰共鳴,張國榮,1986,9b1vv1kWYc4,有誰共鳴 | 張國榮 Leslie Cheung | Official Music Video | 曲：谷村新司 | 詞：小美,華星唱片 Capital Artists Official Channel,3:59,124,https://www.youtube.com/watch?v=9b1vv1kWYc4
matched,80s,無心睡眠,張國榮,1987,57k7Q4NZHEY,張國榮 無心睡眠 MV 1987年,Theme MV,3:21,124,https://www.youtube.com/watch?v=57k7Q4NZHEY
matched,80s,共同渡過,張國榮,1987,ftOBb10VFDg,Leslie 張國榮 - 共同渡過,音樂無疆界 Music Without Boundaries,4:08,106,https://www.youtube.com/watch?v=ftOBb10VFDg
matched,80s,沉默是金,張國榮 許冠傑,1988,7bl9bA7A0OM,沉默是金 MV ( 張國榮 許冠傑 ) [Silence Is Gold] [Im Lặng Là Vàng],Tuyet Tinh Phap,4:03,116,https://www.youtube.com/watch?v=7bl9bA7A0OM
matched,80s,偏偏喜歡你,陳百強,1983,RmTAUDlcPSk,陳百強 Danny Chan -《偏偏喜歡你》 Official MV,Timeless Music Hong Kong天碟,3:23,116,https://www.youtube.com/watch?v=RmTAUDlcPSk
matched,80s,今宵多珍重,陳百強,1982,7Fu9DJGRU8Y,陳百強 Danny Chan -《今宵多珍重》Official MV,Timeless Music Hong Kong天碟,3:22,116,https://www.youtube.com/watch?v=7Fu9DJGRU8Y
matched,80s,漣漪,陳百強,1982,YQ5fU_8JEgs,陳百強《漣漪》MV 1982,ymkit DC,3:03,124,https://www.youtube.com/watch?v=YQ5fU_8JEgs
matched,80s,一生何求,陳百強,1989,lTraAPROJr0,陳百強 一生何求MV,Ellen L 1996,4:23,124,https://www.youtube.com/watch?v=lTraAPROJr0
matched,80s,等,陳百強,1985,ByEv5YjGHII,陳百強 Danny Chan -《等》Official MV（電影《聖誕快樂》插曲）,Timeless Music Hong Kong天碟,3:54,116,https://www.youtube.com/watch?v=ByEv5YjGHII
matched,80s,盼望的緣份,陳百強,1984,jQ9Rbf_MzZU,陳百強《盼望的緣份》MV 1985,ymkit DC,3:37,124,https://www.youtube.com/watch?v=jQ9Rbf_MzZU
matched,80s,愛在深秋,譚詠麟,1984,YcSPYcouAlE,Alan Tam 譚詠麟 '愛在深秋' MV,universalmusichk,4:11,124,https://www.youtube.com/watch?v=YcSPYcouAlE
matched,80s,霧之戀,譚詠麟,1984,4wL1r702Ct8,譚詠麟 ~ 霧之戀《陳秀珠主演》【Music Video 】,637 TWS,4:21,124,https://www.youtube.com/watch?v=4wL1r702Ct8
matched,80s,愛情陷阱,譚詠麟,1985,v0SpDF7BnUg,譚詠麟 ~ 愛情陷阱【Music Video 】,637 TWS,3:44,124,https://www.youtube.com/watch?v=v0SpDF7BnUg
matched,80s,朋友,譚詠麟,1985,DkDPEXyMOi8,朋友 (電影《龍兄虎弟》歌曲),譚詠麟 Alan Tam,4:46,124,https://www.youtube.com/watch?v=DkDPEXyMOi8
matched,80s,雨夜的浪漫,譚詠麟,1985,IebV0N1-DGI,譚詠麟 ~ 雨夜的浪漫【Music Video 】,637 TWS,4:20,124,https://www.youtube.com/watch?v=IebV0N1-DGI
matched,80s,半夢半醒,譚詠麟,1988,MYJ31u6q2hI,譚詠麟 - 《半夢半醒之間》MV,譚詠麟 Alan Tam,3:51,124,https://www.youtube.com/watch?v=MYJ31u6q2hI
matched,80s,水中花,譚詠麟,1988,6LJ2mJU4BpI,譚詠麟 - 水中花,譚詠麟 Alan Tam,4:09,106,https://www.youtube.com/watch?v=6LJ2mJU4BpI
matched,80s,幻影,譚詠麟,1984,I8AaTbDbhwo,譚詠麟《幻影》(歌词MV),Cat Music&懒猫音乐作坊,4:29,124,https://www.youtube.com/watch?v=I8AaTbDbhwo
matched,80s,無言感激,譚詠麟,1986,0H31JX11GbU,譚詠麟 無言感激,Published Television mv,4:59,124,https://www.youtube.com/watch?v=0H31JX11GbU
matched,80s,遙遠的她,張學友,1986,Pc6ZY2yLhIw,張學友 ~ 遙遠的她【Music Video 】,637 TWS,4:17,124,https://www.youtube.com/watch?v=Pc6ZY2yLhIw
matched,80s,月半彎,張學友,1985,Plcg-ysJ6i4,張學友 ~ 月半彎 【Music Video 】,637 TWS,3:43,124,https://www.youtube.com/watch?v=Plcg-ysJ6i4
matched,80s,Smile Again 瑪莉亞,張學友,1985,wcvWg8eSunA,張學友 ~ Smile Again瑪莉亞&輕撫你的臉【寶麗金15週年演唱會 】,637 TWS,3:40,116,https://www.youtube.com/watch?v=wcvWg8eSunA
matched,80s,太陽星辰,張學友,1986,xkWYCgAORpU,張學友 ~ 太陽星辰【Music Video 】,637 TWS,4:25,124,https://www.youtube.com/watch?v=xkWYCgAORpU
matched,80s,情已逝,張學友,1985,YVRIAZgyLg8,張學友【情已逝 1985】(歌詞MV)(1080p)(作曲：來生孝夫)(填詞：潘源良)(Jacky Cheung),沿途有你 2,4:49,124,https://www.youtube.com/watch?v=YVRIAZgyLg8
matched,80s,夕陽之歌,梅艷芳,1989,Rh-gxRXSIdU,梅艷芳【夕陽之歌 1989】(歌詞MV)(1080p)(填詞：陳少琪)電影《英雄本色3之夕陽之歌》主題曲,沿途有你 2,5:13,124,https://www.youtube.com/watch?v=Rh-gxRXSIdU
matched,80s,似水流年,梅艷芳,1985,fiVyueZ8Fp4,梅艷芳【似水流年 1985】(歌詞MV)(1080p)(作曲：喜多郎)(填詞：鄭國江)電影《似水流年》主題曲,沿途有你 2,3:17,124,https://www.youtube.com/watch?v=fiVyueZ8Fp4
matched,80s,夢伴,梅艷芳,1985,E2FQx9Q4U1U,梅艷芳 ~ 夢伴【Music Video 】,637 TWS,3:12,124,https://www.youtube.com/watch?v=E2FQx9Q4U1U
matched,80s,壞女孩,梅艷芳,1985,lh5QmOjN7Gc,【TVB十大勁歌金曲1985】壞女孩 | 梅艷芳 Anita Mui | 頒獎及演唱 | 作詞：林振強     作曲：C Dore/J Littman,華星唱片 Capital Artists Official Channel,3:55,124,https://www.youtube.com/watch?v=lh5QmOjN7Gc
matched,80s,胭脂扣,梅艷芳,1987,XKvKbRZJu8E,梅艷芳【胭脂扣 1987】(歌詞MV)(1080p)(作曲：黎小田)(填詞：鄧景生)電影『胭脂扣』主題曲(Rouge),沿途有你 2,2:15,124,https://www.youtube.com/watch?v=XKvKbRZJu8E
matched,80s,將冰山劈開,梅艷芳,1986,1gwIXaNV9PU,Anita Mui 梅艷芳 - 將冰山劈開【字幕歌詞】Cantonese Jyutping Lyrics I 1986年《妖女》專輯,NKstudio73,5:47,106,https://www.youtube.com/watch?v=1gwIXaNV9PU
matched,80s,赤的疑惑,梅艷芳,1983,jI8gTzJ-gDQ,梅艷芳 ~ 赤的疑惑【Music Video 】 【 配音日劇[赤的疑惑]主題曲】,637 TWS,3:16,124,https://www.youtube.com/watch?v=jI8gTzJ-gDQ
matched,80s,真的愛你,Beyond,1989,n8aK_IUna_Y,Beyond - 真的愛你 (Official Music Video),Beyond,4:22,124,https://www.youtube.com/watch?v=n8aK_IUna_Y
matched,80s,大地,Beyond,1988,VVnCrqs07l0,Beyond  大地（國語版）  MV,經典回聲,4:15,124,https://www.youtube.com/watch?v=VVnCrqs07l0
matched,80s,喜歡你,Beyond,1988,U-bvp_hsinw,Beyond - 喜歡妳 (Official Music Video),Beyond,4:31,124,https://www.youtube.com/watch?v=U-bvp_hsinw
matched,80s,舊日的足跡,Beyond,1986,tFc6krvM51A,Beyond - 舊日的足跡 (Official Music Video),Beyond,5:03,124,https://www.youtube.com/watch?v=tFc6krvM51A
matched,80s,冷雨夜,Beyond,1988,XtJvmzcCu1A,Beyond - 冷雨夜 (Official Music Video),Beyond,6:07,124,https://www.youtube.com/watch?v=XtJvmzcCu1A
matched,80s,石頭記,達明一派,1987,4alhlTQselk,達明一派 石頭記,kira chau,5:00,106,https://www.youtube.com/watch?v=4alhlTQselk
matched,80s,禁色,達明一派,1988,bkrVqjBJ_HQ,1988 達明一派 禁色 MV,AnthonyWong archive,4:16,124,https://www.youtube.com/watch?v=bkrVqjBJ_HQ
matched,80s,傾心,Raidas,1987,nuPaLeNmUpw,Raidas ~ 傾心 【Music Video 】,637 TWS,3:43,124,https://www.youtube.com/watch?v=nuPaLeNmUpw
matched,80s,分分鐘需要你,林子祥,1980,0OeZuH7-NZw,林子祥【分分鐘需要你 1980】(歌詞MV)(1080p)(作曲：林子祥)(填詞：鄭國江)(George Lam),沿途有你 2,3:04,124,https://www.youtube.com/watch?v=0OeZuH7-NZw
matched,80s,每一個晚上,林子祥,1984,Y8tp91Rwn2o,林子祥 George Lam -《每一個晚上》Official Audio｜林子祥創作歌集 全碟聽 9/12,Timeless Music Hong Kong天碟,4:20,116,https://www.youtube.com/watch?v=Y8tp91Rwn2o
matched,80s,千億個夜晚,林子祥,1986,rIxKTibPEZ4,林子祥  ~ 千億個夜晚【Music Video 】,637 TWS,5:19,124,https://www.youtube.com/watch?v=rIxKTibPEZ4
matched,80s,敢愛敢做,林子祥,1987,HGmTVMZR0hE,林子祥 George Lam -《敢愛敢做》Official Audio｜花街70號 全碟聽 1/12,Timeless Music Hong Kong天碟,5:01,116,https://www.youtube.com/watch?v=HGmTVMZR0hE
matched,80s,真的漢子,林子祥,1988,l4qCBKuS0Bc,林子祥 George Lam -《真的漢子》Official Audio（電視劇《當代男兒》主題曲)｜生命之曲 全碟聽 3/10,Timeless Music Hong Kong天碟,4:48,116,https://www.youtube.com/watch?v=l4qCBKuS0Bc
matched,80s,最愛是誰,林子祥,1986,LQ_dhOo81zg,林子祥  ~ 最愛是誰  【Music Video 】【電影＜最愛＞主題曲 】,637 TWS,3:24,124,https://www.youtube.com/watch?v=LQ_dhOo81zg
matched,80s,零時十分,葉蒨文,1984,ny5W5hp8s3g,葉蒨文 ~ 零時十分【Music Video 】,637 TWS,3:10,124,https://www.youtube.com/watch?v=ny5W5hp8s3g
matched,80s,祝福,葉蒨文,1988,38z14fHkayw,葉蒨文 Sally Yeh -《祝福》Official MV (1993 瀟灑走一回演唱會),Timeless Music Hong Kong天碟,4:13,116,https://www.youtube.com/watch?v=38z14fHkayw
matched,80s,晚風,葉蒨文,1985,-Mu5hbMH2x0,葉蒨文 Sally Yeh -《晚風》(粵) Official Audio (電影《上海之夜》主題曲)｜長夜 My Love Goodnight 全碟聽 5/10,Timeless Music Hong Kong天碟,3:39,116,https://www.youtube.com/watch?v=-Mu5hbMH2x0
matched,80s,甜言蜜語,葉蒨文,1987,UXaHpk2PTck,葉蒨文 ~ 甜言蜜語【Music Video 】,637 TWS,3:52,124,https://www.youtube.com/watch?v=UXaHpk2PTck
matched,80s,千千闋歌,陳慧嫻,1989,n3B5XpRvyhI,千千闋歌 MV 陳慧嫻 1989,Kate James,5:04,116,https://www.youtube.com/watch?v=n3B5XpRvyhI
matched,80s,傻女,陳慧嫻,1988,7ur5UpuP0JE,陳慧嫻 傻女 MV 1988,Kate James,3:49,124,https://www.youtube.com/watch?v=7ur5UpuP0JE
matched,80s,跳舞街,陳慧嫻,1986,D8ba0CWz0MQ,萬千星輝賀台慶2023｜陳慧嫻為台慶獻唱，又跳又唱《跳舞街》炒熱全場氣氛｜陳慧嫻｜TVB群星｜TVBUSA,TVB USA Official,8:00,116,https://www.youtube.com/watch?v=D8ba0CWz0MQ
matched,80s,逝去的諾言,陳慧嫻,1984,E_25dKCJzVU,黑膠特寫 陳慧嫻 逝去的諾言 - Vinyl Hi-Fi - Priscilla Chan,Xerxes Vinyl Classics 黑膠特區 Vinyl Zone,4:04,106,https://www.youtube.com/watch?v=E_25dKCJzVU
matched,80s,人生何處不相逢,陳慧嫻,1988,avRw-xfMuXo,陳慧嫻【人生何處不相逢 1988】(歌詞MV)(1080p)(作曲：羅大佑)(填詞：簡寧)(Priscilla Chan),沿途有你 2,3:57,124,https://www.youtube.com/watch?v=avRw-xfMuXo
matched,80s,順流逆流,徐小鳳,1985,CrFyxF-eQJQ,徐小鳳【順流逆流 1985】(歌詞MV)(1080p)(作曲/填詞：蔡國權),沿途有你 2,3:47,124,https://www.youtube.com/watch?v=CrFyxF-eQJQ
matched,80s,風的季節,徐小鳳,1981,umUtPPGFe1w,徐小鳳   風的季節 MV,jasmine tan,3:50,124,https://www.youtube.com/watch?v=umUtPPGFe1w
matched,80s,婚紗背後,徐小鳳,1986,AAo5hJoXmHI,徐小鳳 ~ 婚紗背後 〖電視劇《流氓大亨》插曲〗【Music Video 】,637 TWS,4:45,124,https://www.youtube.com/watch?v=AAo5hJoXmHI
matched,80s,上海灘,葉麗儀,1980,blbRDKDLKGY,【流行經典50年】葉麗儀唱首本名曲「上海灘」,TVB (official),3:09,116,https://www.youtube.com/watch?v=blbRDKDLKGY
matched,80s,萬水千山總是情,汪明荃,1982,BzgulyQImqQ,汪明荃【萬水千山總是情 1982】(歌詞MV)(1080p)(作曲：顧嘉煇)(填詞：鄧偉雄),沿途有你 2,2:59,124,https://www.youtube.com/watch?v=BzgulyQImqQ
matched,80s,世間始終你好,羅文 甄妮,1983,9dB_pKG2Yvc,羅文vs甄妮【世間始終你好 1983】(歌詞MV)(HD)(作曲：顧嘉煇)(填詞：黃霑)無綫《射鵰英雄傳之華山論劍》主題曲,沿途有你 2,2:47,116,https://www.youtube.com/watch?v=9dB_pKG2Yvc
matched,80s,幾許風雨,羅文,1986,4SHLLgMVUuc,羅文【幾許風雨 1986】(歌詞MV)(1080p)(填詞：小美)(作曲：Choo Seho),沿途有你 2,4:14,124,https://www.youtube.com/watch?v=4SHLLgMVUuc
matched,80s,明天會更好,群星,1985,3tFTt8nhKuk,群星《明天會更好》 蘇芮  甄妮 余天 蔡琴 等 Tomorrow Will Be Better ... ♥ ♪♫*•, 歲月如歌 ,5:38,106,https://www.youtube.com/watch?v=3tFTt8nhKuk
matched,80s,童年,羅大佑,1982,Fp13dKJvdeM,羅大佑Lo TaYou《童年》春龍交響夜2024 Official Live Video,大右音樂,4:08,116,https://www.youtube.com/watch?v=Fp13dKJvdeM
matched,80s,光陰的故事,羅大佑,1982,h7n8pFo6UB4,羅大佑【光陰的故事】♪ 經典歌曲 ♪,♪ 華語經典歌曲MV ♪,3:17,124,https://www.youtube.com/watch?v=h7n8pFo6UB4
matched,80s,一場遊戲一場夢,王傑,1987,gYFOauKzOkA,王傑-一場遊戲一場夢,TTV 台視官方頻道 TTV Official Channel,3:14,124,https://www.youtube.com/watch?v=gYFOauKzOkA
matched,80s,我的未來不是夢,張雨生,1988,Oj0n81edrA4,張雨生 我的未來不是夢 MV,seeme96,4:59,124,https://www.youtube.com/watch?v=Oj0n81edrA4
matched,80s,跟著感覺走,蘇芮,1988,v6mL0au2T1Q,蘇芮 Julie Sue - 跟著感覺走 Follow Your Feeling (Official官方完整版MV),Timeless Music,3:02,116,https://www.youtube.com/watch?v=v6mL0au2T1Q
matched,80s,酒干倘賣無,蘇芮,1983,XJfFYbZn_P8,蘇芮-酒干倘賣無《搭錯車》(1983年) 原裝MV,Anthony Yeung,4:39,124,https://www.youtube.com/watch?v=XJfFYbZn_P8
matched,80s,夢醒時分,陳淑樺,1989,s6WVLmIUy5I,陳淑樺 夢醒時分 另版MV,sarahchenfan,4:09,124,https://www.youtube.com/watch?v=s6WVLmIUy5I
matched,80s,你怎麼捨得我難過,黃品源,1989,eoEYSm-3V9s,黃品源-你怎麼捨得我難過 (官方完整版Comix),ComixRockRecords,4:21,124,https://www.youtube.com/watch?v=eoEYSm-3V9s
matched,90s,光輝歲月,Beyond,1990,PrGsAMbgUh4,Beyond - 光輝歲月 (Official Music Video),Beyond,5:20,124,https://www.youtube.com/watch?v=PrGsAMbgUh4
matched,90s,海闊天空,Beyond,1993,V4GUy2EHMMs,Beyond -《海闊天空》 Official MV,Timeless Music Hong Kong天碟,5:27,124,https://www.youtube.com/watch?v=V4GUy2EHMMs
matched,90s,Amani,Beyond,1991,JhgRVEzNJ1s,Beyond - AMANI (Official Music Video),Beyond,5:16,124,https://www.youtube.com/watch?v=JhgRVEzNJ1s
matched,90s,情人,Beyond,1993,mgJNiPRsXNo,Beyond -《情人》Official MV,Timeless Music Hong Kong天碟,5:15,124,https://www.youtube.com/watch?v=mgJNiPRsXNo
matched,90s,長城,Beyond,1992,IOXoAvF6r_A,Beyond -《長城》Official MV,Timeless Music Hong Kong天碟,4:57,124,https://www.youtube.com/watch?v=IOXoAvF6r_A
matched,90s,灰色軌跡,Beyond,1990,-PkuSuJOlfE,Beyond - 灰色軌跡 (Official Music Video),Beyond,5:31,124,https://www.youtube.com/watch?v=-PkuSuJOlfE
matched,90s,誰伴我闖蕩,Beyond,1991,piAdQLO_9nU,Beyond - 誰伴我闖蕩 (Official Music Video),Beyond,4:13,124,https://www.youtube.com/watch?v=piAdQLO_9nU
matched,90s,早班火車,Beyond,1992,PE9IUuRrTFU,Beyond -《早班火車》Official MV,Timeless Music Hong Kong天碟,5:46,124,https://www.youtube.com/watch?v=PE9IUuRrTFU
matched,90s,李香蘭,張學友,1990,N_cwacSuSao,張學友 | 李香蘭 (高清音),Kaiping82,6:37,106,https://www.youtube.com/watch?v=N_cwacSuSao
matched,90s,每天愛你多一些,張學友,1991,JVlIioAQKoE,張學友 ~ 每天愛你多一些【Music Video 】,637 TWS,4:41,124,https://www.youtube.com/watch?v=JVlIioAQKoE
matched,90s,分手總要在雨天,張學友,1992,dp6mIoUJlmw,張學友-分手總要在雨天,Traditional Han (Unik),4:45,106,https://www.youtube.com/watch?v=dp6mIoUJlmw
matched,90s,吻別,張學友,1993,mIF-nn_y2_8,張學友 Jacky Cheung - 吻別,音樂無疆界 Music Without Boundaries,5:05,124,https://www.youtube.com/watch?v=mIF-nn_y2_8
matched,90s,只想一生跟你走,張學友,1993,LpxHlo_Oe0o,[歌詞] 張學友 - 只想一生跟你走,Amoryme 阿摩與我,5:08,106,https://www.youtube.com/watch?v=LpxHlo_Oe0o
matched,90s,等你等到我心痛,張學友,1993,LYvKEp8sv6Y,張學友 - 等你等到我心痛 (Official Video),張學友 Jacky Cheung,4:21,124,https://www.youtube.com/watch?v=LYvKEp8sv6Y
matched,90s,一千個傷心的理由,張學友,1995,Yl9sIjmaZP8,張學友 - 一千個傷心的理由 (Official Video),張學友 Jacky Cheung,4:34,124,https://www.youtube.com/watch?v=Yl9sIjmaZP8
matched,90s,祝福,張學友,1993,R4qQpZ2PQ1c,祝福 – 張學友 (Official MV),Case Person 2,4:34,124,https://www.youtube.com/watch?v=R4qQpZ2PQ1c
matched,90s,還是覺得你最好,張學友,1991,nKZZoZ1Ln58,張學友 - 還是覺得你最好 (Official Video),張學友 Jacky Cheung,5:13,124,https://www.youtube.com/watch?v=nKZZoZ1Ln58
matched,90s,夕陽醉了,張學友,1990,3oSJBR6ENLM,張學友 - 夕陽醉了 (Official Video),張學友 Jacky Cheung,5:12,124,https://www.youtube.com/watch?v=3oSJBR6ENLM
matched,90s,一起走過的日子,劉德華,1991,SJyYH8AeAhE,劉德華-一起走過的日子(來生緣)(粵)-MV.flv,macoto20jyyyun,3:58,124,https://www.youtube.com/watch?v=SJyYH8AeAhE
matched,90s,謝謝你的愛,劉德華,1992,cMvj_8eoJ8Q,謝謝你的愛 - 劉德華【高音質｜動態歌詞｜國語版】,回到80-90年代聽歌,4:40,106,https://www.youtube.com/watch?v=cMvj_8eoJ8Q
matched,90s,暗裡著迷,劉德華,1993,UxoGJ5urVdI,暗里着迷 - 刘德华,Qun Li Zhang,3:52,116,https://www.youtube.com/watch?v=UxoGJ5urVdI
matched,90s,忘情水,劉德華,1994,pKoeIPTlTDI,忘情水 - 劉德華,Miss,4:26,106,https://www.youtube.com/watch?v=pKoeIPTlTDI
matched,90s,真我的風采,劉德華,1992,TqJAN-xAmZA,劉德華 ~ 真我的風采【Music Video 】,637 TWS,4:17,124,https://www.youtube.com/watch?v=TqJAN-xAmZA
matched,90s,中國人,劉德華,1997,A3b40ZOxQRE,中國人－劉德華,Miss,3:59,106,https://www.youtube.com/watch?v=A3b40ZOxQRE
matched,90s,冰雨,劉德華,1997,90zAJ4tFSy8,冰雨 - 劉德華,Miss,4:41,106,https://www.youtube.com/watch?v=90zAJ4tFSy8
matched,90s,今夜你會不會來,黎明,1991,eUL6rkTAPhY,黎明 - 今夜你會不會來 MV,My Music My Life,4:17,124,https://www.youtube.com/watch?v=eUL6rkTAPhY
matched,90s,對不起我愛你,黎明,1991,_NJR7WJsyXo,黎明~對不起，我愛你~MV,葦婷,4:28,124,https://www.youtube.com/watch?v=_NJR7WJsyXo
matched,90s,夏日傾情,黎明,1993,5mRCIb5Oq3Q,黎明 - 《夏日傾情》MV,LeonLaiVEVO,4:13,124,https://www.youtube.com/watch?v=5mRCIb5Oq3Q
matched,90s,那有一天不想你,黎明,1994,9-GBO3ovtIQ,黎明 - 《那有一天不想你》MV,LeonLaiVEVO,4:44,124,https://www.youtube.com/watch?v=9-GBO3ovtIQ
matched,90s,情深說話未曾講,黎明,1996,rdLUjXHRbdQ,黎明 - 《情深說話未曾講》MV,LeonLaiVEVO,3:43,124,https://www.youtube.com/watch?v=rdLUjXHRbdQ
matched,90s,我的親愛,黎明,1992,WEfh8dns2A0,【LyricsPro】黎明 - 我的親愛 歌詞 (HD),Lyrics Pro,4:18,106,https://www.youtube.com/watch?v=WEfh8dns2A0
matched,90s,對你愛不完,郭富城,1990,zyp6AQKQfvU,【郭富城】【1990罕見《對你愛不完》】TVB MV高清HD版,Beny Ke 【郭志明】,4:42,116,https://www.youtube.com/watch?v=zyp6AQKQfvU
matched,90s,我是不是該安靜的走開,郭富城,1991,8Gh-GYKpvnY,郭富城  ~ 我是不是該安靜的走開【Music Video 】,637 TWS,4:00,124,https://www.youtube.com/watch?v=8Gh-GYKpvnY
matched,90s,狂野之城,郭富城,1994,hcq-EqL4gWM,郭富城 Aaron Kwok -《狂野之城》Official MV,Timeless Music Hong Kong天碟,3:33,116,https://www.youtube.com/watch?v=hcq-EqL4gWM
matched,90s,鐵幕誘惑,郭富城,1994,SddT2SfKYzk,郭富城 Aaron Kwok -《鐵幕誘惑》Official MV,Timeless Music Hong Kong天碟,4:13,124,https://www.youtube.com/watch?v=SddT2SfKYzk
matched,90s,唱這歌,郭富城,1997,pTj52-2AtnE,郭富城 Aaron Kwok -《唱這歌》Official MV,Timeless Music Hong Kong天碟,3:12,116,https://www.youtube.com/watch?v=pTj52-2AtnE
matched,90s,容易受傷的女人,王菲,1992,XL8WOe3J05w,王菲 - 容易受傷的女人 (國語版) (Official Music Video),FayeWongVEVO,4:21,124,https://www.youtube.com/watch?v=XL8WOe3J05w
matched,90s,執迷不悔,王菲,1993,zQiacbUDL2E,王菲 -《執迷不悔 (1993版，國語)》(Official Music Video),FayeWongVEVO,4:31,124,https://www.youtube.com/watch?v=zQiacbUDL2E
matched,90s,我願意,王菲,1994,4Ah5gsjXVgo,王菲 Faye Wong - 我願意 (Official Music Video),Faye Wong Official Channel,4:28,116,https://www.youtube.com/watch?v=4Ah5gsjXVgo
matched,90s,天空,王菲,1994,yPN9H450OHs,王菲 Faye Wong -《天空》(Official Music Video),FayeWongVEVO,4:17,124,https://www.youtube.com/watch?v=yPN9H450OHs
matched,90s,棋子,王菲,1994,aMVnE0WAcuQ,王菲 Faye Wong - 棋子 (Official Music Video),Faye Wong Official Channel,4:49,116,https://www.youtube.com/watch?v=aMVnE0WAcuQ
matched,90s,約定,王菲,1997,ygf2uiEUg64,王菲 Faye Wong - 約定 (Official Music Video),Faye Wong Official Channel,4:26,116,https://www.youtube.com/watch?v=ygf2uiEUg64
matched,90s,紅豆,王菲,1998,5wmfXve11rM,王菲 - 紅豆,Faye Wong Official Channel,4:20,124,https://www.youtube.com/watch?v=5wmfXve11rM
matched,90s,暗湧,王菲,1997,gqF8zy07I2o,王菲【暗湧 1997】(歌詞MV)(1080p)(作曲：陳輝陽)(填詞：林夕)(Faye Wong),沿途有你 2,4:22,124,https://www.youtube.com/watch?v=gqF8zy07I2o
matched,90s,最愛,周慧敏,1993,gSapYefBgbM,周慧敏 - 《最愛》MV,周慧敏 Vivian Chow,4:31,124,https://www.youtube.com/watch?v=gSapYefBgbM
matched,90s,自作多情,周慧敏,1993,MmNzHUfB5MY,周慧敏 - 《自作多情》MV,周慧敏 Vivian Chow,5:18,124,https://www.youtube.com/watch?v=MmNzHUfB5MY
matched,90s,痴心換情深,周慧敏,1993,vj3GObiEsvw,周慧敏 - 《痴心換情深》MV,周慧敏 Vivian Chow,4:22,124,https://www.youtube.com/watch?v=vj3GObiEsvw
matched,90s,流言,周慧敏 林隆璇,1992,7nuiNcs840Q,周慧敏 Vivian Chow + 林隆璇 Kevin Lin - 流言 (官方版MV),福茂唱片,4:05,116,https://www.youtube.com/watch?v=7nuiNcs840Q
matched,90s,飄雪,陳慧嫻,1992,wLRBZSP0Gr4,陳慧嫻 - 飄雪 MV,My Music My Life,3:39,124,https://www.youtube.com/watch?v=wLRBZSP0Gr4
matched,90s,歸來吧,陳慧嫻,1992,LcZZ4zlC6Pc,陳慧嫻 Priscilla Chan - 歸來吧 (Official Music Video),Priscilla Chan 陳慧嫻,4:39,116,https://www.youtube.com/watch?v=LcZZ4zlC6Pc
matched,90s,紅茶館,陳慧嫻,1992,YcFyOThuVRc,陳慧嫻 紅茶館 MV 1992,Kate James,4:15,124,https://www.youtube.com/watch?v=YcFyOThuVRc
matched,90s,愛上一個不回家的人,林憶蓮,1990,WB0A5m6BAHs,林憶蓮 - 《愛上一個不回家的人》Official MV,Timeless Music Hong Kong天碟,5:16,124,https://www.youtube.com/watch?v=WB0A5m6BAHs
matched,90s,傷痕,林憶蓮,1995,qCXTF6pQQR0,林憶蓮 Sandy Lam【傷痕 Scar】Official Music Video,滾石唱片 ROCK RECORDS,4:32,116,https://www.youtube.com/watch?v=qCXTF6pQQR0
matched,90s,聽說愛情回來過,林憶蓮,1995,qSnSCOMVSYQ,林憶蓮 Sandy Lam【聽說愛情回來過 I Heard That Love Had Returned】Official Music Video,滾石唱片 ROCK RECORDS,5:17,116,https://www.youtube.com/watch?v=qSnSCOMVSYQ
matched,90s,為你我受冷風吹,林憶蓮,1995,ZD57Fv_V74s,林憶蓮 Sandy Lam【為你我受冷風吹 Suffer for you】Official Music Video,滾石唱片 ROCK RECORDS,4:21,116,https://www.youtube.com/watch?v=ZD57Fv_V74s
matched,90s,當愛已成往事,張國榮 林憶蓮,1993,IKA47rEDVSs,林憶蓮 Sandy Lam&李宗盛 Jonathan Lee【當愛已成往事 Bygone Love】Official Music Video,滾石唱片 ROCK RECORDS,4:37,116,https://www.youtube.com/watch?v=IKA47rEDVSs
matched,90s,追,張國榮,1995,FLaqSJBMUes,【ENG SUB】Leslie Cheung 張國榮【Chase 追】Official Music Video,ROCK RECORDS English,5:20,116,https://www.youtube.com/watch?v=FLaqSJBMUes
matched,90s,今生今世,張國榮,1995,6jRNbtNy1K4,張國榮 Leslie Cheung【今生今世 In my lifetime】Official Music Video,滾石唱片 ROCK RECORDS,4:18,116,https://www.youtube.com/watch?v=6jRNbtNy1K4
matched,90s,有心人,張國榮,1996,V7Xzwpdffeg,張國榮 Leslie Cheung【有心人】Official Music Video,滾石唱片 ROCK RECORDS,4:31,116,https://www.youtube.com/watch?v=V7Xzwpdffeg
matched,90s,左右手,張國榮,1999,DFO6Yu2gSj0,張國榮 Leslie Cheung - 左右手 (Official Music Video),張國榮 Leslie Cheung,4:37,116,https://www.youtube.com/watch?v=DFO6Yu2gSj0
matched,90s,親密愛人,梅艷芳,1991,-rV-kG1X9vM,梅艷芳【親密愛人 1991】(歌詞MV)(1080p)(作曲/填詞：小蟲)(Anita Mui)電影《忽然丈夫》主題曲,沿途有你 2,5:00,124,https://www.youtube.com/watch?v=-rV-kG1X9vM
matched,90s,似是故人來,梅艷芳,1991,qagYwsguedg,梅艷芳【似是故人來 1992】(歌詞MV)(1080p)(作曲：羅大佑)(填詞：林夕)電影『雙鐲』主題曲,沿途有你 2,3:54,124,https://www.youtube.com/watch?v=qagYwsguedg
matched,90s,女人心,梅艷芳,1994,g1xoPXWjbPg,梅艷芳【女人心 1993】(歌詞MV)(1080p)(作曲：羅大佑)(填詞：林夕)電影《東方三俠》主題曲,沿途有你 2,4:30,124,https://www.youtube.com/watch?v=g1xoPXWjbPg
matched,90s,愛如潮水,張信哲,1993,lt2ZK19_Utw,張信哲 Jeff Chang《愛如潮水》輕流版 官方完整版 MV,潮水音樂 Tide Music,3:57,116,https://www.youtube.com/watch?v=lt2ZK19_Utw
matched,90s,過火,張信哲,1995,SrD36rogSjc,張信哲 Jeff Chang [ 過火 ] 官方完整版 Official MV,潮水音樂 Tide Music,5:04,116,https://www.youtube.com/watch?v=SrD36rogSjc
matched,90s,別怕我傷心,張信哲,1994,GPM46H8ANTE,情歌王子張信哲的愛情自白 〈別怕我傷心〉｜玫瑰之夜(1996),TTV 台視官方頻道 TTV Official Channel,8:27,116,https://www.youtube.com/watch?v=GPM46H8ANTE
matched,90s,用心良苦,張宇,1993,O211TLekHUc,張宇 Phil Chang -  用心良苦 Well-Intentioned (官方完整版MV),Timeless Music,4:32,116,https://www.youtube.com/watch?v=O211TLekHUc
matched,90s,月亮惹的禍,張宇,1998,z-U4nwy2yjo,張宇【月亮惹的禍】♪ 經典歌曲 ♪,♪ 華語經典歌曲MV ♪,4:20,124,https://www.youtube.com/watch?v=z-U4nwy2yjo
matched,90s,雨一直下,張宇,1999,JdDPVmfETy8,張宇 Phil Chang -  雨一直下 Rain Keeps Falling (官方完整版MV),Timeless Music,4:47,116,https://www.youtube.com/watch?v=JdDPVmfETy8
matched,90s,心太軟,任賢齊,1996,ZSWeurc1yMw,任賢齊 Richie Jen【心太軟 Too softhearted】Official Music Video(4K),滾石唱片 ROCK RECORDS,5:53,116,https://www.youtube.com/watch?v=ZSWeurc1yMw
matched,90s,對面的女孩看過來,任賢齊,1998,yF-8Vy-NboM,任賢齊-對面的女孩看過來 (官方完整版Comix),ComixRockRecords,3:07,124,https://www.youtube.com/watch?v=yF-8Vy-NboM
matched,90s,傷心太平洋,任賢齊,1998,nsHfeiGrFqo,【ENG SUB】Richie Jen 任賢齊 【The Sad Pacific 傷心太平洋】Official Music Video,ROCK RECORDS English,4:26,116,https://www.youtube.com/watch?v=nsHfeiGrFqo
matched,90s,花心,周華健,1993,IZ8-K3YPVN0,周華健 Wakin Chau【花心 The flowery heart】Official Music Video,滾石唱片 ROCK RECORDS,3:58,116,https://www.youtube.com/watch?v=IZ8-K3YPVN0
matched,90s,讓我歡喜讓我憂,周華健,1991,p1b7sERw5UQ,周華健-讓我歡喜讓我憂,TTV 台視官方頻道 TTV Official Channel,4:36,124,https://www.youtube.com/watch?v=p1b7sERw5UQ
matched,90s,愛相隨,周華健,1995,qQqJG4Kv2GA,周華健 - 愛相隨 (R&B.Funk) | Emil Chau - Mengikuti Cinta | Pop Mandarin @TuneBoxId  ,TuneBox Id,3:16,124,https://www.youtube.com/watch?v=qQqJG4Kv2GA
matched,90s,朋友,周華健,1997,awdsh-7U1-A,朋友 周華健 | 動態歌詞 Lyrics | MV畫面【原版音樂錄影帶】 | 1997專輯《朋友》代表作品,三寶の音樂MV頻道,4:39,124,https://www.youtube.com/watch?v=awdsh-7U1-A
matched,90s,新不了情,萬芳,1993,JBg21ECQe6Y,【ENG SUB】Wan Fang 萬芳【New Everlasting Love 新不了情】Official Music Video,ROCK RECORDS English,4:26,116,https://www.youtube.com/watch?v=JBg21ECQe6Y
matched,90s,追夢人,鳳飛飛,1991,5igFxcZE9Vk,鳳飛飛 - 追夢人 1991年 (MV 天若有情 1990),聽風的歌,3:48,124,https://www.youtube.com/watch?v=5igFxcZE9Vk
matched,90s,大海,張雨生,1992,EXaLvBGqQww,張雨生 Tom Chang - 大海 (official 官方完整版MV),Timeless Music,4:33,116,https://www.youtube.com/watch?v=EXaLvBGqQww
matched,90s,口是心非,張雨生,1997,QAmsnJQEb20,張雨生《口是心非》官方MV (Official Music Video),豐華唱片ForwardMusic,4:43,124,https://www.youtube.com/watch?v=QAmsnJQEb20
matched,90s,領悟,辛曉琪,1994,nTXbAwMKgbY,辛曉琪-領悟 (官方完整版Comix)(HD),ComixRockRecords,4:54,124,https://www.youtube.com/watch?v=nTXbAwMKgbY
matched,90s,味道,辛曉琪,1994,EuO3xI0KfZA,辛曉琪-味道 (官方完整版Comix),ComixRockRecords,3:54,124,https://www.youtube.com/watch?v=EuO3xI0KfZA
matched,90s,漂洋過海來看你,娃娃,1991,VYicdEsoANk,【高清MV】洋瀾一 - 漂洋過海來看你【原唱：金智娟（娃娃）| Pinyin + Eng Sub | AI音樂視頻 | 繁體拼音英文動態字幕】Yang Lanyi 【洋澜一 -  漂洋过海来看你】,AI音乐视频 AI Music Video,3:47,116,https://www.youtube.com/watch?v=VYicdEsoANk
matched,90s,笑紅塵,陳淑樺,1993,rx5Yx9OFiHE,陳淑樺 Sarah Chen【笑紅塵 The mundane world】電影『東方不敗 II 風雲再起』主題曲 Official Music Video,滾石唱片 ROCK RECORDS,4:10,116,https://www.youtube.com/watch?v=rx5Yx9OFiHE
matched,90s,問,陳淑樺,1992,-PEEXs_uQ48,陳淑樺-問 (官方完整版MV),陳淑樺 Sarah Chen,4:18,124,https://www.youtube.com/watch?v=-PEEXs_uQ48
matched,90s,愛很簡單,陶喆,1997,s1nlIafxVYQ,陶喆 David Tao - 愛，很簡單 I Love You (官方完整版MV),Timeless Music,4:21,116,https://www.youtube.com/watch?v=s1nlIafxVYQ
matched,90s,飛機場的10:30,陶喆,1997,GurozK-HRTw,陶喆 David Tao – 飛機場的10:30 Airport In 10:30 (官方完整版MV),Timeless Music,5:03,116,https://www.youtube.com/watch?v=GurozK-HRTw
matched,90s,沙灘,陶喆,1997,q5b2eJzA_8U,陶喆 David Tao – 沙灘 Blue Moon (官方完整版MV),Timeless Music,3:57,116,https://www.youtube.com/watch?v=q5b2eJzA_8U
matched,90s,征服,那英,1998,jrLil3-x_9Y,那英 Na Ying - 征服 Conquer (official官方完整版MV),Timeless Music,5:03,116,https://www.youtube.com/watch?v=jrLil3-x_9Y
