status,number,title,videoId,viewCount,channel,youtubeTitle,reason,url
added,HYMN-434,求充滿這地,xj7daezGohs,4295695,Joshua Band 約書亞樂團,【求充滿這地 / Come and Fill This Land】官方歌詞MV - 大衛帳幕的榮耀 ft. 陳雅玲,,https://www.youtube.com/watch?v=xj7daezGohs
added,HYMN-435,禱告的力量,AfWZ-1taIfw,4104292,讚美之泉 Stream Of Praise Music Ministries,【禱告的力量 The Power of Prayer】官方歌詞版MV (Official Lyrics MV) - 讚美之泉敬拜讚美 (24),,https://www.youtube.com/watch?v=AfWZ-1taIfw
added,HYMN-436,豐盛的應許,ZNSG2CG5DNQ,3761405,讚美之泉 Stream Of Praise Music Ministries,"【豐盛的應許 By Faith, I Receive】官方歌詞版MV (Official Lyrics MV) - 讚美之泉敬拜讚美 (15)",,https://www.youtube.com/watch?v=ZNSG2CG5DNQ
added,HYMN-437,重來的力量,7jac0ri7x3A,3212634,Joshua Band 約書亞樂團,約書亞樂團 -【 重來的力量 / The Power To Start Over 】官方歌詞MV,,https://www.youtube.com/watch?v=7jac0ri7x3A
added,HYMN-438,能不能,AW6aFoCCaIg,16992752,讚美之泉 Stream Of Praise Music Ministries,【能不能 Let Me Stay】現場敬拜MV (Live Worship MV) - 讚美之泉敬拜讚美 (20),,https://www.youtube.com/watch?v=AW6aFoCCaIg
added,HYMN-439,如祢,kMOg8x7ptz4,2670117,Joshua Band 約書亞樂團,No.24【如祢 / Like You】官方歌詞 MV - 約書亞樂團、璽恩 SiEnVanessa,,https://www.youtube.com/watch?v=kMOg8x7ptz4
added,HYMN-440,深不見底的愛,H4MeSR_ilyY,2269090,讚美之泉 Stream Of Praise Music Ministries,【深不見底的愛 Endless Love】官方歌詞版MV (Official Lyrics MV) - 讚美之泉敬拜讚美 (26),,https://www.youtube.com/watch?v=H4MeSR_ilyY
added,HYMN-441,與祢更靠近,iz32XOGh27g,2190780,Joshua Band 約書亞樂團,【與祢更靠近 / Closer to You】官方歌詞MV - 大衛帳幕的榮耀 ft. 曹婉甄,,https://www.youtube.com/watch?v=iz32XOGh27g
added,HYMN-442,奔跑不放棄,WC6bCBSgNtQ,13359670,讚美之泉 Stream Of Praise Music Ministries,【奔跑不放棄 Won't Give Up】現場敬拜MV (Live Worship MV) - 讚美之泉敬拜讚美 (20),,https://www.youtube.com/watch?v=WC6bCBSgNtQ
added,HYMN-443,找到我,5hkbct1UPK8,2033762,Joshua Band 約書亞樂團,【找到我 / Bring Me Back】官方歌詞MV - 約書亞樂團 ft. 璽恩 SiEnVanessa,,https://www.youtube.com/watch?v=5hkbct1UPK8
added,HYMN-444,充滿在這裡,UBDyViNTQxw,1818620,讚美之泉 Stream Of Praise Music Ministries,【充滿在這裡 Fill This Place】官方歌詞版MV (Official Lyrics MV) - 讚美之泉敬拜讚美 (24),,https://www.youtube.com/watch?v=UBDyViNTQxw
added,HYMN-445,不動搖的信心,H9OdfU5I9yQ,1750508,讚美之泉 Stream Of Praise Music Ministries,【不動搖的信心 Unshakeable Faith】官方歌詞版MV (Official Lyrics MV) - 讚美之泉敬拜讚美 (26),,https://www.youtube.com/watch?v=H9OdfU5I9yQ
added,HYMN-446,被愛,Vg7qLy4LxhU,1390313,讚美之泉 Stream Of Praise Music Ministries,【被愛 Loved by You】官方歌詞版MV (Official Lyrics MV) - 讚美之泉敬拜讚美 (23),,https://www.youtube.com/watch?v=Vg7qLy4LxhU
added,HYMN-447,我們歡迎君王降臨,a5X4uawExEA,8318426,讚美之泉 Stream Of Praise Music Ministries,【我們歡迎君王降臨 We Long to Meet】現場敬拜MV (Live Worship MV) - 讚美之泉敬拜讚美 (19),,https://www.youtube.com/watch?v=a5X4uawExEA
added,HYMN-448,何等榮美的名,E3J7yHn-V2w,1258387,Joshua Band 約書亞樂團,【何等榮美的名 /  What A Beautiful Name】官方歌詞MV - Hillsong Worship ft. 約書亞樂團、璽恩 SiEnVanessa,,https://www.youtube.com/watch?v=E3J7yHn-V2w
added,HYMN-449,耶穌永遠掌權,qimRnA-V4sg,1241364,讚美之泉 Stream Of Praise Music Ministries,【耶穌永遠掌權 You Reign Forevermore】官方歌詞版MV (Official Lyrics MV) - 讚美之泉敬拜讚美 (25),,https://www.youtube.com/watch?v=qimRnA-V4sg
added,HYMN-450,因著信,qNndl7K3z3k,3223267,角聲使團 The Heralders,角聲使團 The Heralders《因著信》[Official Lyric Video],,https://www.youtube.com/watch?v=qNndl7K3z3k
added,HYMN-451,平安,Wmn0VQmLffY,5981309,讚美之泉 Stream Of Praise Music Ministries,【平安 Peace】現場敬拜MV (Live Worship MV) - 讚美之泉敬拜讚美 (23),,https://www.youtube.com/watch?v=Wmn0VQmLffY
added,HYMN-452,再次站起來,K-zNT8BxkD4,880886,基恩敬拜 Amazing Grace Worship,《再次站起來》Standing up again - 基恩敬拜AGWMM official MV,,https://www.youtube.com/watch?v=K-zNT8BxkD4
added,HYMN-453,獻上讚美祭,cxDQ5YpYXlA,792072,讚美之泉 Stream Of Praise Music Ministries,【獻上讚美祭 Sacrifice Of Praise】官方歌詞版MV (Official Lyrics MV) - 讚美之泉敬拜讚美 (26),,https://www.youtube.com/watch?v=cxDQ5YpYXlA
added,HYMN-454,真實的悔改,nMJ7VXOVjdQ,772280,讚美之泉 Stream Of Praise Music Ministries,【真實的悔改 Turn My Life To You】官方歌詞版MV (Official Lyrics MV) - 讚美之泉敬拜讚美 (14),,https://www.youtube.com/watch?v=nMJ7VXOVjdQ
added,HYMN-455,祢是我惟一的倚靠,nXuUEAO8K6A,722671,基恩敬拜 Amazing Grace Worship,《祢是我惟一的倚靠》I put my trust in You - 基恩敬拜AGWMM official MV,,https://www.youtube.com/watch?v=nXuUEAO8K6A
added,HYMN-456,主祢知道,H0B6KPHYbSQ,678880,HKACM Official 香港基督徒音樂事工協會,【主祢知道 / Lord You Know】HKACM Official Music Video,,https://www.youtube.com/watch?v=H0B6KPHYbSQ
added,HYMN-457,最好的福氣,HcpvUZoIv70,2053215,角聲使團 The Heralders,角聲使團 The Heralders《最好的福氣》[Official Lyric Video],,https://www.youtube.com/watch?v=HcpvUZoIv70
added,HYMN-458,復興我,R5lI1X1kyQE,648198,基恩敬拜 Amazing Grace Worship,《復興我》Redeem me - 基恩敬拜AGWMM official MV,,https://www.youtube.com/watch?v=R5lI1X1kyQE
added,HYMN-459,厚恩待我,U7ZNB-ShmNk,646067,讚美之泉 Stream Of Praise Music Ministries,【厚恩待我 Your Grace Covers Me】官方歌詞版MV (Official Lyrics MV) - 讚美之泉敬拜讚美 (26),,https://www.youtube.com/watch?v=U7ZNB-ShmNk
added,HYMN-460,純潔的心,Aeo64Ptu4Gs,627665,Joshua Band 約書亞樂團,【純潔的心 / A Pure Heart】官方歌詞MV - 大衛帳幕的榮耀 ft. 史茵茵,,https://www.youtube.com/watch?v=Aeo64Ptu4Gs
added,HYMN-461,我能痊癒,rvYnI9pYeUE,619003,基恩敬拜 Amazing Grace Worship,《我能痊癒》I will be Healed - 基恩敬拜AGWMM official MV,,https://www.youtube.com/watch?v=rvYnI9pYeUE
added,HYMN-462,如此認識我,nqNRef8sAnw,1926641,角聲使團 The Heralders,角聲使團 The Heralders《如此認識我》[Official Lyric Video],,https://www.youtube.com/watch?v=nqNRef8sAnw
added,HYMN-463,數不盡,_svIQ4gpPeY,607290,讚美之泉 Stream Of Praise Music Ministries,【數不盡 Grace Beyond All Measure】官方歌詞版MV (Official Lyrics MV) - 讚美之泉敬拜讚美 (28),,https://www.youtube.com/watch?v=_svIQ4gpPeY
added,HYMN-464,晨禱,ZzHrqn6ZOas,582191,基恩敬拜 Amazing Grace Worship,《晨禱》Morning Prayer 基恩敬拜 AGWMM Official MV,,https://www.youtube.com/watch?v=ZzHrqn6ZOas
added,HYMN-465,祢永遠如此深愛著我,y2uZJBv00Gs,4682464,讚美之泉 Stream Of Praise Music Ministries,【祢永遠如此深愛著我 More Than I Could Know】現場敬拜MV (Live Worship MV) - 讚美之泉敬拜讚美 (24),,https://www.youtube.com/watch?v=y2uZJBv00Gs
added,HYMN-466,信心,fmLNcCIRaJw,519184,基恩敬拜 Amazing Grace Worship,《信心》Faith 基恩敬拜AGWMM official MV,,https://www.youtube.com/watch?v=fmLNcCIRaJw
added,HYMN-467,我們的神,nzsMY2_td4Y,3227663,讚美之泉 Stream Of Praise Music Ministries,【我們的神 You Are Our God】現場敬拜MV (Worship MV) - 讚美之泉敬拜讚美 (27),,https://www.youtube.com/watch?v=nzsMY2_td4Y
added,HYMN-468,你讓我勇敢,5jxHF2eVU60,511109,Joshua Band 約書亞樂團,【你讓我勇敢 / You Make Me Brave】官方歌詞MV,,https://www.youtube.com/watch?v=5jxHF2eVU60
added,HYMN-469,敬畏的心,VMjI8vGZLm4,500617,Joshua Band 約書亞樂團,No.24【敬畏的心 / A Reverent Heart】官方歌詞 MV - 約書亞樂團、曾晨恩,,https://www.youtube.com/watch?v=VMjI8vGZLm4
added,HYMN-470,求主用我,C5Lt4OAsUjQ,453417,基恩敬拜 Amazing Grace Worship,《求主用我》May God use me - 基恩敬拜AGWMM official MV,,https://www.youtube.com/watch?v=C5Lt4OAsUjQ
added,HYMN-471,曠野中唯一的力量,7Lk8rq3y-rM,2841009,讚美之泉 Stream Of Praise Music Ministries,【曠野中唯一的力量 My Strength In The Wilderness】現場敬拜MV (Worship MV) - 讚美之泉敬拜讚美 (27),,https://www.youtube.com/watch?v=7Lk8rq3y-rM
added,HYMN-472,不要怕,XsJSBP_bCnw,434557,基恩敬拜 Amazing Grace Worship,《不要怕》Fear Not - 基恩敬拜AGWMM official MV,,https://www.youtube.com/watch?v=XsJSBP_bCnw
added,HYMN-473,恢復敬拜,HjdVX8nLRrE,431641,讚美之泉 Stream Of Praise Music Ministries,【恢復敬拜 Revive Our Worship】官方歌詞版MV (Official Lyrics MV) - 讚美之泉敬拜讚美 (28),,https://www.youtube.com/watch?v=HjdVX8nLRrE
skipped,,【我要向高山舉目 Lift My Eyes Up To the Hills】官方歌詞版MV (Official Lyrics MV) - 讚美之泉敬拜讚美 (12P),HfE3WNcdDTk,,讚美之泉 Stream Of Praise Music Ministries,【我要向高山舉目 Lift My Eyes Up To the Hills】官方歌詞版MV (Official Lyrics MV) - 讚美之泉敬拜讚美 (12P),歌名已存在,https://www.youtube.com/watch?v=HfE3WNcdDTk
skipped,,🔥 2026 中文敬拜讚美詩歌 ✝️ 當你覺得自己撐不下去時，願這7首歌再次給你力量｜平安・祝福・盼望充滿【祢不會丟棄我 / 最美的祝福】,unvWwWZBJjs,,神的同在 | Chinese Worship Songs,🔥 2026 中文敬拜讚美詩歌 ✝️ 當你覺得自己撐不下去時，願這7首歌再次給你力量｜平安・祝福・盼望充滿【祢不會丟棄我 / 最美的祝福】,來源不在白名單,https://www.youtube.com/watch?v=unvWwWZBJjs
skipped,,💖 2026 最感動中文敬拜詩歌 ✝️ 當你疲憊想哭時，願這14首歌重新擁抱你｜平安・恩典・同在充滿【回家 / 最美的祝福】,u5BgYNCgxfM,,神的同在 | Chinese Worship Songs,💖 2026 最感動中文敬拜詩歌 ✝️ 當你疲憊想哭時，願這14首歌重新擁抱你｜平安・恩典・同在充滿【回家 / 最美的祝福】,來源不在白名單,https://www.youtube.com/watch?v=u5BgYNCgxfM
skipped,,詩歌 讚美之泉 - 敬拜慢歌精選 2小時 靈修 音樂 熱門,HTG59P9I14I,,敬拜音樂 教學,詩歌 讚美之泉 - 敬拜慢歌精選 2小時 靈修 音樂 熱門,來源不在白名單,https://www.youtube.com/watch?v=HTG59P9I14I
skipped,,〖「聽見」線上巡迴第一場〗不動搖的信心 / 我們等候愛慕耶穌 / 耶和華作王 / 我的生命獻給祢 / 為愛而生 / 奔跑不放棄 / 能不能 / 聽見這世代的呼喚 / 我要看見 / 我在這裡,BClNLF7VF2c,,讚美之泉 Stream Of Praise Music Ministries,〖「聽見」線上巡迴第一場〗不動搖的信心 / 我們等候愛慕耶穌 / 耶和華作王 / 我的生命獻給祢 / 為愛而生 / 奔跑不放棄 / 能不能 / 聽見這世代的呼喚 / 我要看見 / 我在這裡,片長不適合,https://www.youtube.com/watch?v=BClNLF7VF2c
skipped,,讚美敬拜金曲精選集 ✝️ 2026年帶來平安與寧靜的基督教音樂 🛐 讚美神，驅除你生命中的一切邪惡 🙏 60首最佳基督教敬拜歌曲 / 賦予力量的有力讚美 【動態歌詞 / Lyrics Video】,2Zf1e2Gh9xs,,热爱基督教音乐,讚美敬拜金曲精選集 ✝️ 2026年帶來平安與寧靜的基督教音樂 🛐 讚美神，驅除你生命中的一切邪惡 🙏 60首最佳基督教敬拜歌曲 / 賦予力量的有力讚美 【動態歌詞 / Lyrics Video】,來源不在白名單,https://www.youtube.com/watch?v=2Zf1e2Gh9xs
skipped,,基督教會歌曲《當珍惜愛神的機會》【詩歌MV】,RwjZLM6z7Qg,,全能神教會,基督教會歌曲《當珍惜愛神的機會》【詩歌MV】,來源不在白名單,https://www.youtube.com/watch?v=RwjZLM6z7Qg
skipped,,【最大的福分 The Blessing】官方歌詞版MV (Official Lyrics MV) - 讚美之泉敬拜讚美 (26),FUMrok5yvWo,,讚美之泉 Stream Of Praise Music Ministries,【最大的福分 The Blessing】官方歌詞版MV (Official Lyrics MV) - 讚美之泉敬拜讚美 (26),歌名已存在,https://www.youtube.com/watch?v=FUMrok5yvWo
skipped,,【我的生命獻給祢 I Will Offer You My Life】現場敬拜MV (Live Worship MV) - 讚美之泉敬拜讚美 (26),l8QtshEeAmk,,讚美之泉 Stream Of Praise Music Ministries,【我的生命獻給祢 I Will Offer You My Life】現場敬拜MV (Live Worship MV) - 讚美之泉敬拜讚美 (26),歌名已存在,https://www.youtube.com/watch?v=l8QtshEeAmk
skipped,,【每一天我需要祢 I Need You】現場敬拜MV (Live Worship MV) - 讚美之泉敬拜讚美 (21),aCrjhEkNcpc,,讚美之泉 Stream Of Praise Music Ministries,【每一天我需要祢 I Need You】現場敬拜MV (Live Worship MV) - 讚美之泉敬拜讚美 (21),歌名已存在,https://www.youtube.com/watch?v=aCrjhEkNcpc
skipped,,【定睛在耶穌身上 / 不動搖的信心 / 我揚聲敬拜 / 打開天窗 / 這是我們的敬拜】｜讚美之泉《天堂敬拜 LIVE》,BKky3bjcCGU,,讚美之泉 Stream Of Praise Music Ministries,【定睛在耶穌身上 / 不動搖的信心 / 我揚聲敬拜 / 打開天窗 / 這是我們的敬拜】｜讚美之泉《天堂敬拜 LIVE》,未能整理歌名,https://www.youtube.com/watch?v=BKky3bjcCGU
skipped,,【耶穌愛你/在耶穌的腳前/我要一心稱謝祢/彩虹下的約定】｜讚美之泉《天堂敬拜 ACOUSTIC》,czvrMIwDGO4,,讚美之泉 Stream Of Praise Music Ministries,【耶穌愛你/在耶穌的腳前/我要一心稱謝祢/彩虹下的約定】｜讚美之泉《天堂敬拜 ACOUSTIC》,未能整理歌名,https://www.youtube.com/watch?v=czvrMIwDGO4
skipped,,||: 寧靜藍 Serenity 敬拜系列【我知誰掌管明天 / 每一天我需要祢 / 祢必成就美好事 / 愛祢，是我一生的呼召 / 有人在為你禱告】｜讚美之泉《天堂敬拜 ACOUSTIC》,Grk2NlumvWo,,讚美之泉 Stream Of Praise Music Ministries,||: 寧靜藍 Serenity 敬拜系列【我知誰掌管明天 / 每一天我需要祢 / 祢必成就美好事 / 愛祢，是我一生的呼召 / 有人在為你禱告】｜讚美之泉《天堂敬拜 ACOUSTIC》,未能整理歌名,https://www.youtube.com/watch?v=Grk2NlumvWo
skipped,,【和散那 / 我們歡迎君王降臨 / 唯有耶穌 / 住在祢裡面 / 寶座前的敬拜】｜讚美之泉《天堂敬拜 LIVE》,_Cg_mALHK34,,讚美之泉 Stream Of Praise Music Ministries,【和散那 / 我們歡迎君王降臨 / 唯有耶穌 / 住在祢裡面 / 寶座前的敬拜】｜讚美之泉《天堂敬拜 LIVE》,未能整理歌名,https://www.youtube.com/watch?v=_Cg_mALHK34
skipped,,【厚恩待我 / 深深地敬拜 / 深深愛祢 / 我們的神 / 聖潔和榮耀】｜讚美之泉《天堂敬拜 ACOUSTIC》,Sj70Dnf3Mao,,讚美之泉 Stream Of Praise Music Ministries,【厚恩待我 / 深深地敬拜 / 深深愛祢 / 我們的神 / 聖潔和榮耀】｜讚美之泉《天堂敬拜 ACOUSTIC》,未能整理歌名,https://www.youtube.com/watch?v=Sj70Dnf3Mao
skipped,,【耶穌祢疼我/讚美耶和華/平安的七月夜/主祢的疼/耶和華祝福滿滿】｜讚美之泉《天堂敬拜 ACOUSTIC》,c58hG9n8Svc,,讚美之泉 Stream Of Praise Music Ministries,【耶穌祢疼我/讚美耶和華/平安的七月夜/主祢的疼/耶和華祝福滿滿】｜讚美之泉《天堂敬拜 ACOUSTIC》,未能整理歌名,https://www.youtube.com/watch?v=c58hG9n8Svc
skipped,,【深深愛祢 / 十字架 / 緊緊抓住祢 / 深觸我心 / 耶穌的名】｜讚美之泉《天堂敬拜 LIVE》,Rwnp56ylSw4,,讚美之泉 Stream Of Praise Music Ministries,【深深愛祢 / 十字架 / 緊緊抓住祢 / 深觸我心 / 耶穌的名】｜讚美之泉《天堂敬拜 LIVE》,未能整理歌名,https://www.youtube.com/watch?v=Rwnp56ylSw4
skipped,,【那麼深的渴慕 / 深深地敬拜 / 永遠愛祢 / 深深愛祢 / 每一天我需要祢】｜讚美之泉《天堂敬拜 LIVE》,XkuL2sXZHo0,,讚美之泉 Stream Of Praise Music Ministries,【那麼深的渴慕 / 深深地敬拜 / 永遠愛祢 / 深深愛祢 / 每一天我需要祢】｜讚美之泉《天堂敬拜 LIVE》,未能整理歌名,https://www.youtube.com/watch?v=XkuL2sXZHo0
skipped,,【經典詩歌30首】那些年，我們一起唱的歌 ||: 除祢以外 / 讚美之泉 / 注目看耶穌 / 全新的你 / 雲上太陽 / 禱告 / 寶貴十架 / 能不能 / 從早晨到夜晚 / 我們的神｜讚美之泉,xVC4q949YCk,,讚美之泉 Stream Of Praise Music Ministries,【經典詩歌30首】那些年，我們一起唱的歌 ||: 除祢以外 / 讚美之泉 / 注目看耶穌 / 全新的你 / 雲上太陽 / 禱告 / 寶貴十架 / 能不能 / 從早晨到夜晚 / 我們的神｜讚美之泉,片長不適合,https://www.youtube.com/watch?v=xVC4q949YCk
skipped,,詩歌 讚美之泉 - 敬拜慢歌精選 2小時 靈修 音樂 熱門,HTG59P9I14I,,敬拜音樂 教學,詩歌 讚美之泉 - 敬拜慢歌精選 2小時 靈修 音樂 熱門,來源不在白名單,https://www.youtube.com/watch?v=HTG59P9I14I
skipped,,【愛使我們勇敢 Love Can Make Us Brave / 我們愛 We Will Love】現場敬拜MV (Worship MV) - 讚美之泉敬拜讚美 (28),Xokmm1h29w8,,讚美之泉 Stream Of Praise Music Ministries,【愛使我們勇敢 Love Can Make Us Brave / 我們愛 We Will Love】現場敬拜MV (Worship MV) - 讚美之泉敬拜讚美 (28),未能整理歌名,https://www.youtube.com/watch?v=Xokmm1h29w8
skipped,,【我的生命獻給祢 I Will Offer You My Life】現場敬拜MV (Live Worship MV) - 讚美之泉敬拜讚美 (26),l8QtshEeAmk,,讚美之泉 Stream Of Praise Music Ministries,【我的生命獻給祢 I Will Offer You My Life】現場敬拜MV (Live Worship MV) - 讚美之泉敬拜讚美 (26),歌名已存在,https://www.youtube.com/watch?v=l8QtshEeAmk
skipped,,詩歌 讚美之泉 - 敬拜慢歌精選 2小時 靈修 音樂 熱門,HTG59P9I14I,,敬拜音樂 教學,詩歌 讚美之泉 - 敬拜慢歌精選 2小時 靈修 音樂 熱門,來源不在白名單,https://www.youtube.com/watch?v=HTG59P9I14I
skipped,,【我要看見 I Want to See】現場敬拜MV (Live Worship MV) - 讚美之泉敬拜讚美 (21),1VOBEx3m7Ro,,讚美之泉 Stream Of Praise Music Ministries,【我要看見 I Want to See】現場敬拜MV (Live Worship MV) - 讚美之泉敬拜讚美 (21),歌名已存在,https://www.youtube.com/watch?v=1VOBEx3m7Ro
skipped,,【那麼深的渴慕 / 深深地敬拜 / 永遠愛祢 / 深深愛祢 / 每一天我需要祢】｜讚美之泉《天堂敬拜 LIVE》,XkuL2sXZHo0,,讚美之泉 Stream Of Praise Music Ministries,【那麼深的渴慕 / 深深地敬拜 / 永遠愛祢 / 深深愛祢 / 每一天我需要祢】｜讚美之泉《天堂敬拜 LIVE》,未能整理歌名,https://www.youtube.com/watch?v=XkuL2sXZHo0
skipped,,💖 2026 最感動中文敬拜詩歌 ✝️ 當你疲憊想哭時，願這14首歌重新擁抱你｜平安・恩典・同在充滿【回家 / 最美的祝福】,u5BgYNCgxfM,,神的同在 | Chinese Worship Songs,💖 2026 最感動中文敬拜詩歌 ✝️ 當你疲憊想哭時，願這14首歌重新擁抱你｜平安・恩典・同在充滿【回家 / 最美的祝福】,來源不在白名單,https://www.youtube.com/watch?v=u5BgYNCgxfM
skipped,,基督教會歌曲《當珍惜愛神的機會》【詩歌MV】,RwjZLM6z7Qg,,全能神教會,基督教會歌曲《當珍惜愛神的機會》【詩歌MV】,來源不在白名單,https://www.youtube.com/watch?v=RwjZLM6z7Qg
skipped,,角聲使團 The Heralders《至高尊貴的祢》[Official Lyric Video],HkAczox3JSY,,角聲使團 The Heralders,角聲使團 The Heralders《至高尊貴的祢》[Official Lyric Video],歌名已存在,https://www.youtube.com/watch?v=HkAczox3JSY
skipped,,【詩歌歌詞】5首,owTHbZG9edc,,CHARMÉ,【詩歌歌詞】5首,來源不在白名單,https://www.youtube.com/watch?v=owTHbZG9edc
skipped,,【經典敬拜詩歌Cover】祢成就救恩 by HKACM | RedSea Music,DXJPCC_D3nk,,RedSea Music,【經典敬拜詩歌Cover】祢成就救恩 by HKACM | RedSea Music,來源不在白名單,https://www.youtube.com/watch?v=DXJPCC_D3nk
skipped,,基恩敬拜｜粵語詩歌精選｜1小時｜詩歌敬拜｜Amazing Grace Worship｜One Hour｜Peaceful｜Meditation｜Music,p625uLBxMsk,,基恩敬拜 Amazing Grace Worship,基恩敬拜｜粵語詩歌精選｜1小時｜詩歌敬拜｜Amazing Grace Worship｜One Hour｜Peaceful｜Meditation｜Music,片長不適合,https://www.youtube.com/watch?v=p625uLBxMsk
skipped,,基恩敬拜｜靈修音樂精選｜4小時｜安靜｜默想｜禱告｜純音樂 ｜ Amazing Grace Worship｜Four Hours｜Peaceful｜Meditation｜Music,E2LCKkkOej0,,基恩敬拜 Amazing Grace Worship,基恩敬拜｜靈修音樂精選｜4小時｜安靜｜默想｜禱告｜純音樂 ｜ Amazing Grace Worship｜Four Hours｜Peaceful｜Meditation｜Music,片長不適合,https://www.youtube.com/watch?v=E2LCKkkOej0
skipped,,《Amazing Piano 2》基恩敬拜鋼琴靈修音樂 - 基恩敬拜 AGWMM,JIAbhrmf3N8,,基恩敬拜 Amazing Grace Worship,《Amazing Piano 2》基恩敬拜鋼琴靈修音樂 - 基恩敬拜 AGWMM,片長不適合,https://www.youtube.com/watch?v=JIAbhrmf3N8
skipped,,《靜默有時2》A Time To Be Silent Vol.2 靈修音樂 - 基恩敬拜AGWMM,Yh9j0gYVKb0,,基恩敬拜 Amazing Grace Worship,《靜默有時2》A Time To Be Silent Vol.2 靈修音樂 - 基恩敬拜AGWMM,片長不適合,https://www.youtube.com/watch?v=Yh9j0gYVKb0
skipped,,崇拜歌詞版《有祢同行》With You by my side 基恩敬拜AGWMM official MV,m5h5tOaXnz4,,基恩敬拜 Amazing Grace Worship,崇拜歌詞版《有祢同行》With You by my side 基恩敬拜AGWMM official MV,歌名已存在,https://www.youtube.com/watch?v=m5h5tOaXnz4
skipped,,《專輯序曲合輯》Album Overtures 安靜純音樂 Peaceful Music -  基恩敬拜AGWMM,Ok3yZz_WguU,,基恩敬拜 Amazing Grace Worship,《專輯序曲合輯》Album Overtures 安靜純音樂 Peaceful Music -  基恩敬拜AGWMM,排除伴奏/合集/非歌曲內容,https://www.youtube.com/watch?v=Ok3yZz_WguU
skipped,,《靜默有時》A time to be silent 靈修音樂 - 基恩敬拜AGWMM,5LGPnwVE75U,,基恩敬拜 Amazing Grace Worship,《靜默有時》A time to be silent 靈修音樂 - 基恩敬拜AGWMM,片長不適合,https://www.youtube.com/watch?v=5LGPnwVE75U
skipped,,感謝一生有祢 - 基恩敬拜（主唱：Tina Kong) 歌詞版,kF-xR8Z04p4,,Tina K,感謝一生有祢 - 基恩敬拜（主唱：Tina Kong) 歌詞版,來源不在白名單,https://www.youtube.com/watch?v=kF-xR8Z04p4
skipped,,詩歌 讚美之泉 - 敬拜慢歌精選 2小時 靈修 音樂 熱門,HTG59P9I14I,,敬拜音樂 教學,詩歌 讚美之泉 - 敬拜慢歌精選 2小時 靈修 音樂 熱門,來源不在白名單,https://www.youtube.com/watch?v=HTG59P9I14I
skipped,,《Amazing Piano 1》基恩敬拜鋼琴靈修音樂,ZB5YQ5yBuUo,,基恩敬拜 Amazing Grace Worship,《Amazing Piano 1》基恩敬拜鋼琴靈修音樂,片長不適合,https://www.youtube.com/watch?v=ZB5YQ5yBuUo
skipped,,基恩敬拜｜粵語詩歌精選｜1小時｜詩歌敬拜｜Amazing Grace Worship｜One Hour｜Peaceful｜Meditation｜Music,p625uLBxMsk,,基恩敬拜 Amazing Grace Worship,基恩敬拜｜粵語詩歌精選｜1小時｜詩歌敬拜｜Amazing Grace Worship｜One Hour｜Peaceful｜Meditation｜Music,片長不適合,https://www.youtube.com/watch?v=p625uLBxMsk
skipped,,基恩敬拜｜華語詩歌精選｜1小時｜詩歌敬拜｜Amazing Grace Worship｜One Hour｜Peaceful｜Meditation｜Music,-5gbYdT4dPE,,基恩敬拜 Amazing Grace Worship,基恩敬拜｜華語詩歌精選｜1小時｜詩歌敬拜｜Amazing Grace Worship｜One Hour｜Peaceful｜Meditation｜Music,片長不適合,https://www.youtube.com/watch?v=-5gbYdT4dPE
skipped,,基恩敬拜｜靈修鋼琴精選｜2小時｜安靜｜禱告｜Amazing Grace Worship｜Two Hours｜Peaceful｜Meditation｜Music ｜Piano ｜Pray ｜,Q99NJD_eCto,,基恩敬拜 Amazing Grace Worship,基恩敬拜｜靈修鋼琴精選｜2小時｜安靜｜禱告｜Amazing Grace Worship｜Two Hours｜Peaceful｜Meditation｜Music ｜Piano ｜Pray ｜,片長不適合,https://www.youtube.com/watch?v=Q99NJD_eCto
skipped,,《靜默有時2》A Time To Be Silent Vol.2 靈修音樂 - 基恩敬拜AGWMM,Yh9j0gYVKb0,,基恩敬拜 Amazing Grace Worship,《靜默有時2》A Time To Be Silent Vol.2 靈修音樂 - 基恩敬拜AGWMM,片長不適合,https://www.youtube.com/watch?v=Yh9j0gYVKb0
skipped,,崇拜歌詞版《有祢同行》With You by my side 基恩敬拜AGWMM official MV,m5h5tOaXnz4,,基恩敬拜 Amazing Grace Worship,崇拜歌詞版《有祢同行》With You by my side 基恩敬拜AGWMM official MV,歌名已存在,https://www.youtube.com/watch?v=m5h5tOaXnz4
skipped,,感謝一生有祢 - 基恩敬拜（主唱：Tina Kong) 歌詞版,kF-xR8Z04p4,,Tina K,感謝一生有祢 - 基恩敬拜（主唱：Tina Kong) 歌詞版,來源不在白名單,https://www.youtube.com/watch?v=kF-xR8Z04p4
skipped,,💖 2026 最感動中文敬拜詩歌 ✝️ 當你疲憊想哭時，願這14首歌重新擁抱你｜平安・恩典・同在充滿【回家 / 最美的祝福】,u5BgYNCgxfM,,神的同在 | Chinese Worship Songs,💖 2026 最感動中文敬拜詩歌 ✝️ 當你疲憊想哭時，願這14首歌重新擁抱你｜平安・恩典・同在充滿【回家 / 最美的祝福】,來源不在白名單,https://www.youtube.com/watch?v=u5BgYNCgxfM
skipped,,《Amazing Guitar 3》結他靈修音樂 - 基恩敬拜 AGWMM,3uvqwx2OuUo,,基恩敬拜 Amazing Grace Worship,《Amazing Guitar 3》結他靈修音樂 - 基恩敬拜 AGWMM,片長不適合,https://www.youtube.com/watch?v=3uvqwx2OuUo
skipped,,一小時【靈修音樂 Soaking Music】全專輯連續播放「找一個地方」I Want To Go To  Place - 讚美之泉安靜系列 (2) Devotional Instrumental,MTarJDyoDXE,,讚美之泉 Stream Of Praise Music Ministries,一小時【靈修音樂 Soaking Music】全專輯連續播放「找一個地方」I Want To Go To  Place - 讚美之泉安靜系列 (2) Devotional Instrumental,排除伴奏/合集/非歌曲內容,https://www.youtube.com/watch?v=MTarJDyoDXE
skipped,,晨禱詩歌第69頁(連續播放),tu9NY_W0mT0,,Joseph Tsai (晨禱詩歌),晨禱詩歌第69頁(連續播放),來源不在白名單,https://www.youtube.com/watch?v=tu9NY_W0mT0
skipped,,《Amazing Piano 1》基恩敬拜鋼琴靈修音樂,ZB5YQ5yBuUo,,基恩敬拜 Amazing Grace Worship,《Amazing Piano 1》基恩敬拜鋼琴靈修音樂,片長不適合,https://www.youtube.com/watch?v=ZB5YQ5yBuUo
skipped,,基恩敬拜｜粵語詩歌精選＿3｜1小時｜詩歌敬拜｜Amazing Grace Worship｜One Hour｜Peaceful｜Meditation｜Music,6veHkhueEbk,,基恩敬拜 Amazing Grace Worship,基恩敬拜｜粵語詩歌精選＿3｜1小時｜詩歌敬拜｜Amazing Grace Worship｜One Hour｜Peaceful｜Meditation｜Music,片長不適合,https://www.youtube.com/watch?v=6veHkhueEbk
skipped,,《靜默有時》A time to be silent 靈修音樂 - 基恩敬拜AGWMM,5LGPnwVE75U,,基恩敬拜 Amazing Grace Worship,《靜默有時》A time to be silent 靈修音樂 - 基恩敬拜AGWMM,片長不適合,https://www.youtube.com/watch?v=5LGPnwVE75U
skipped,,基恩敬拜｜靈修弦樂精選｜3小時｜安靜｜默想｜禱告｜純音樂｜Amazing Grace Worship｜Three Hours｜ Peaceful｜Meditation｜Music｜Strings ｜,Gm2Lx-0FfPk,,基恩敬拜 Amazing Grace Worship,基恩敬拜｜靈修弦樂精選｜3小時｜安靜｜默想｜禱告｜純音樂｜Amazing Grace Worship｜Three Hours｜ Peaceful｜Meditation｜Music｜Strings ｜,片長不適合,https://www.youtube.com/watch?v=Gm2Lx-0FfPk
skipped,,"【中英字幕】耶穌,萬名之上的名 | 小羊詩歌《再次將我更新》專輯",ikoJ4KRuYSo,,小羊詩歌,"【中英字幕】耶穌,萬名之上的名 | 小羊詩歌《再次將我更新》專輯",歌名已存在,https://www.youtube.com/watch?v=ikoJ4KRuYSo
skipped,,【中英字幕】我願為祢去 | 小羊詩歌《我願意》專輯,_yv4ksPKRZM,,小羊詩歌,【中英字幕】我願為祢去 | 小羊詩歌《我願意》專輯,歌名已存在,https://www.youtube.com/watch?v=_yv4ksPKRZM
skipped,,【中英字幕】神掌權 | 女聲降B調 | 小羊詩歌,a1QnJiTK25Q,,小羊詩歌,【中英字幕】神掌權 | 女聲降B調 | 小羊詩歌,未能整理歌名,https://www.youtube.com/watch?v=a1QnJiTK25Q
skipped,,【中英字幕】萬民同來敬拜 | 小羊詩歌《再次將我更新》專輯,6s56xMkBzss,,小羊詩歌,【中英字幕】萬民同來敬拜 | 小羊詩歌《再次將我更新》專輯,歌名已存在,https://www.youtube.com/watch?v=6s56xMkBzss
skipped,,晨禱詩歌第69頁(連續播放),tu9NY_W0mT0,,Joseph Tsai (晨禱詩歌),晨禱詩歌第69頁(連續播放),來源不在白名單,https://www.youtube.com/watch?v=tu9NY_W0mT0
skipped,,💖 2026 最感動中文敬拜詩歌 ✝️ 當你疲憊想哭時，願這14首歌重新擁抱你｜平安・恩典・同在充滿【回家 / 最美的祝福】,u5BgYNCgxfM,,神的同在 | Chinese Worship Songs,💖 2026 最感動中文敬拜詩歌 ✝️ 當你疲憊想哭時，願這14首歌重新擁抱你｜平安・恩典・同在充滿【回家 / 最美的祝福】,來源不在白名單,https://www.youtube.com/watch?v=u5BgYNCgxfM
skipped,,【中英字幕】祢話如甘霖 | 小羊詩歌 ‧ 北極光,4Eikeei1uxo,,小羊詩歌,【中英字幕】祢話如甘霖 | 小羊詩歌 ‧ 北極光,未能整理歌名,https://www.youtube.com/watch?v=4Eikeei1uxo
skipped,,【耶穌的愛】|【我心讚美】2026 專輯（上）,wwi54JXgFoY,,我心讚美 | MyHeartPraises ,【耶穌的愛】|【我心讚美】2026 專輯（上）,來源不在白名單,https://www.youtube.com/watch?v=wwi54JXgFoY
skipped,,晨禱詩歌第46頁(連續播放),KfNdhMCz8iQ,,Joseph Tsai (晨禱詩歌),晨禱詩歌第46頁(連續播放),來源不在白名單,https://www.youtube.com/watch?v=KfNdhMCz8iQ
skipped,,晨禱詩歌第72頁(連續播放)無懼,EriQde4_0l8,,Joseph Tsai (晨禱詩歌),晨禱詩歌第72頁(連續播放)無懼,來源不在白名單,https://www.youtube.com/watch?v=EriQde4_0l8
skipped,,寶座＿神的傑作＿依然愛我＿有你同行,KIsmoAGDW9E,,蘇江村Martin,寶座＿神的傑作＿依然愛我＿有你同行,來源不在白名單,https://www.youtube.com/watch?v=KIsmoAGDW9E
skipped,,聖靈的火 Spirit Fire│生命河敬拜讚美系列 7【奔向愛我的神】│動態MV,wZEy2PObqJY,,生命河 ROLCC Media,聖靈的火 Spirit Fire│生命河敬拜讚美系列 7【奔向愛我的神】│動態MV,來源不在白名單,https://www.youtube.com/watch?v=wZEy2PObqJY
skipped,,小羊诗歌 精选20首 | 开启CC字幕 | 我愿为你去 | 你的恩典够我用 | 赞美飞扬,gF-eDlXq3II,,颂歌网,小羊诗歌 精选20首 | 开启CC字幕 | 我愿为你去 | 你的恩典够我用 | 赞美飞扬,來源不在白名單,https://www.youtube.com/watch?v=gF-eDlXq3II
skipped,,【中英字幕】我願為祢去 | 小羊詩歌《我願意》專輯,_yv4ksPKRZM,,小羊詩歌,【中英字幕】我願為祢去 | 小羊詩歌《我願意》專輯,歌名已存在,https://www.youtube.com/watch?v=_yv4ksPKRZM
skipped,,精选【小羊诗歌】1最热门基督教赞美诗歌15首-一粒麦子，陪我走过春夏秋冬，盟约,qjQQ7qhGTxI,,华人福音,精选【小羊诗歌】1最热门基督教赞美诗歌15首-一粒麦子，陪我走过春夏秋冬，盟约,來源不在白名單,https://www.youtube.com/watch?v=qjQQ7qhGTxI
skipped,,2025年最感人的詩歌合集→精選30首最感人的讚美詩歌合集 | 基督教敬拜詩歌精選｜深情讚美與祈禱音樂#中文字幕#撫慰心靈#重獲平安與力量｜帶來希望與醫治的夜晚 #泥土音樂#小羊詩歌#讚美之泉#生命河,p2Dcxr__D8c,,盡情的敬拜,2025年最感人的詩歌合集→精選30首最感人的讚美詩歌合集 | 基督教敬拜詩歌精選｜深情讚美與祈禱音樂#中文字幕#撫慰心靈#重獲平安與力量｜帶來希望與醫治的夜晚 #泥土音樂#小羊詩歌#讚美之泉#生命河,來源不在白名單,https://www.youtube.com/watch?v=p2Dcxr__D8c
skipped,,[糧好7分鐘] 5月26日 |路13-15| 悔改與天國的比喻 | 「意外」是因為罪比較大嗎？ |一年一遍聖經 2026,9Tyir8PLu7o,,糧好 Jesus' FineFoods,[糧好7分鐘] 5月26日 |路13-15| 悔改與天國的比喻 | 「意外」是因為罪比較大嗎？ |一年一遍聖經 2026,來源不在白名單,https://www.youtube.com/watch?v=9Tyir8PLu7o
skipped,,🔥 2026 中文敬拜讚美詩歌 ✝️ 當你覺得自己撐不下去時，願這7首歌再次給你力量｜平安・祝福・盼望充滿【祢不會丟棄我 / 最美的祝福】,unvWwWZBJjs,,神的同在 | Chinese Worship Songs,🔥 2026 中文敬拜讚美詩歌 ✝️ 當你覺得自己撐不下去時，願這7首歌再次給你力量｜平安・祝福・盼望充滿【祢不會丟棄我 / 最美的祝福】,來源不在白名單,https://www.youtube.com/watch?v=unvWwWZBJjs
skipped,,寶座+即興敬拜+我願為祢去 | 小羊詩歌,c1A4_0clgy4,,「小羊詩歌」及「聖地牙哥聯合敬拜團」,寶座+即興敬拜+我願為祢去 | 小羊詩歌,片長不適合,https://www.youtube.com/watch?v=c1A4_0clgy4
skipped,,詩歌 讚美之泉 - 敬拜慢歌精選 2小時 靈修 音樂 熱門,HTG59P9I14I,,敬拜音樂 教學,詩歌 讚美之泉 - 敬拜慢歌精選 2小時 靈修 音樂 熱門,來源不在白名單,https://www.youtube.com/watch?v=HTG59P9I14I
skipped,,基督教會歌曲《人要愛神得體嘗到神可愛》【詩歌MV】,e87VRTlaD4M,,全能神教會,基督教會歌曲《人要愛神得體嘗到神可愛》【詩歌MV】,來源不在白名單,https://www.youtube.com/watch?v=e87VRTlaD4M
skipped,,最佳基督教赞美诗歌 | 推荐经典好听的敬拜崇拜教会诗歌,Xn6zwtpFREA,,华人福音,最佳基督教赞美诗歌 | 推荐经典好听的敬拜崇拜教会诗歌,來源不在白名單,https://www.youtube.com/watch?v=Xn6zwtpFREA
skipped,,KUA WORSHIP【我們在這裡 / 聖潔之歌 / 萬有的中心】KUA敬拜團,oucMVFZ682A,,KUA GLOBAL 跨越,KUA WORSHIP【我們在這裡 / 聖潔之歌 / 萬有的中心】KUA敬拜團,來源不在白名單,https://www.youtube.com/watch?v=oucMVFZ682A
skipped,,盛曉玫詩歌精選 4 陪伴系列 心歡喜靈快樂  45分鐘連續播放,TvsYxa-4omU,,泥土音樂Clay Music,盛曉玫詩歌精選 4 陪伴系列 心歡喜靈快樂  45分鐘連續播放,片長不適合,https://www.youtube.com/watch?v=TvsYxa-4omU
skipped,,盛曉玫詩歌精選 3 陪伴系列 愛中得療癒  45分鐘連續播放,96no89q4Wik,,泥土音樂Clay Music,盛曉玫詩歌精選 3 陪伴系列 愛中得療癒  45分鐘連續播放,片長不適合,https://www.youtube.com/watch?v=96no89q4Wik
skipped,,盟約 | 小羊詩歌《盟約》專輯,rIKu-fikvDc,,小羊詩歌,盟約 | 小羊詩歌《盟約》專輯,歌名已存在,https://www.youtube.com/watch?v=rIKu-fikvDc
skipped,,【中英字幕】我心堅定於祢 | 升C小調 | 小羊詩歌,uxHLiaq5lOQ,,小羊詩歌,【中英字幕】我心堅定於祢 | 升C小調 | 小羊詩歌,未能整理歌名,https://www.youtube.com/watch?v=uxHLiaq5lOQ
skipped,,『全心敬拜』 團契遊樂園10 耶穌，我深愛你（基督教詩歌）,ERi5fEsrQnM,,m2kmusic,『全心敬拜』 團契遊樂園10 耶穌，我深愛你（基督教詩歌）,來源不在白名單,https://www.youtube.com/watch?v=ERi5fEsrQnM
skipped,,『星星』 團契遊樂園8 祢以恩典為年歲的冠冕（基督教詩歌）,T4G7njh8fLw,,m2kmusic,『星星』 團契遊樂園8 祢以恩典為年歲的冠冕（基督教詩歌）,來源不在白名單,https://www.youtube.com/watch?v=T4G7njh8fLw
skipped,,『唯獨恩主  』 團契遊樂園5 應許（基督教詩歌）,v74rp8KnlVU,,m2kmusic,『唯獨恩主  』 團契遊樂園5 應許（基督教詩歌）,來源不在白名單,https://www.youtube.com/watch?v=v74rp8KnlVU
skipped,,『路邊的一課』 團契遊樂園6 揀選 （基督教詩歌）,MsLsr9OSYi8,,m2kmusic,『路邊的一課』 團契遊樂園6 揀選 （基督教詩歌）,來源不在白名單,https://www.youtube.com/watch?v=MsLsr9OSYi8
skipped,,『古老的愛 』 團契遊樂園3 薪火永傳（基督教詩歌）,o_U3d0CbORw,,m2kmusic,『古老的愛 』 團契遊樂園3 薪火永傳（基督教詩歌）,來源不在白名單,https://www.youtube.com/watch?v=o_U3d0CbORw
skipped,,『主喜悅的事』 團契遊樂園6 揀選 （基督教詩歌）,DeoZYai7BRM,,m2kmusic,『主喜悅的事』 團契遊樂園6 揀選 （基督教詩歌）,來源不在白名單,https://www.youtube.com/watch?v=DeoZYai7BRM
skipped,,《愛的真諦》2021（團契遊樂園，基督教詩歌）,fMBl5WNaglg,,m2kmusic,《愛的真諦》2021（團契遊樂園，基督教詩歌）,來源不在白名單,https://www.youtube.com/watch?v=fMBl5WNaglg
skipped,,『雲彩 』 團契遊樂園2 環遊世界（基督教詩歌）,ksLaPPu8o9c,,m2kmusic,『雲彩 』 團契遊樂園2 環遊世界（基督教詩歌）,來源不在白名單,https://www.youtube.com/watch?v=ksLaPPu8o9c
skipped,,『原諒我』 團契遊樂園5.1 還記得嗎（基督教詩歌）,MLHHrynCj08,,m2kmusic,『原諒我』 團契遊樂園5.1 還記得嗎（基督教詩歌）,來源不在白名單,https://www.youtube.com/watch?v=MLHHrynCj08
skipped,,『每日每夜每一天』 團契遊樂園3 薪火永傳（基督教詩歌）,yyQIeZ4vMhg,,m2kmusic,『每日每夜每一天』 團契遊樂園3 薪火永傳（基督教詩歌）,來源不在白名單,https://www.youtube.com/watch?v=yyQIeZ4vMhg
skipped,,『 重演這生』 團契遊樂園6 揀選 （基督教詩歌）,fbXVV53k-kM,,m2kmusic,『 重演這生』 團契遊樂園6 揀選 （基督教詩歌）,來源不在白名單,https://www.youtube.com/watch?v=fbXVV53k-kM
skipped,,『總有你我 』 團契遊樂園5 應許（基督教詩歌）,syc9Q78IhWQ,,m2kmusic,『總有你我 』 團契遊樂園5 應許（基督教詩歌）,來源不在白名單,https://www.youtube.com/watch?v=syc9Q78IhWQ
skipped,,最佳基督教赞美诗歌 | 推荐经典好听的敬拜崇拜教会诗歌,Xn6zwtpFREA,,华人福音,最佳基督教赞美诗歌 | 推荐经典好听的敬拜崇拜教会诗歌,來源不在白名單,https://www.youtube.com/watch?v=Xn6zwtpFREA
skipped,,『活下去』 團契遊樂園6 揀選 （基督教詩歌）,KR-kTpSXyHM,,m2kmusic,『活下去』 團契遊樂園6 揀選 （基督教詩歌）,來源不在白名單,https://www.youtube.com/watch?v=KR-kTpSXyHM
skipped,,【從亙古到永遠，我是祢甜美愛夢】中文詩歌 －（余光昭）香港神的教會,rOH_3HvPxJU,,香港神的教會 The Church of God in Hong Kong,【從亙古到永遠，我是祢甜美愛夢】中文詩歌 －（余光昭）香港神的教會,來源不在白名單,https://www.youtube.com/watch?v=rOH_3HvPxJU
skipped,,『讓祢愛  』 團契遊樂園5 應許（基督教詩歌）,SRVJ4hTwLRo,,m2kmusic,『讓祢愛  』 團契遊樂園5 應許（基督教詩歌）,來源不在白名單,https://www.youtube.com/watch?v=SRVJ4hTwLRo
skipped,,《愛主要肩負保抱我一生 直到祂的寶座 與祂同度》,PboN9DHqwpg,,Goal to Fly 聯校大專基督徒,《愛主要肩負保抱我一生 直到祂的寶座 與祂同度》,來源不在白名單,https://www.youtube.com/watch?v=PboN9DHqwpg
skipped,,若你能看見 // 團契遊樂園 // Lyric MV HD #粵語詩歌 #感恩,8UtDXp32SCQ,,cantonworship,若你能看見 // 團契遊樂園 // Lyric MV HD #粵語詩歌 #感恩,來源不在白名單,https://www.youtube.com/watch?v=8UtDXp32SCQ
skipped,,『路邊的一課』團契遊樂園6 - 揀選 (基督教詩歌),qsQ7YsaeGJU,,m2kmusic,『路邊的一課』團契遊樂園6 - 揀選 (基督教詩歌),來源不在白名單,https://www.youtube.com/watch?v=qsQ7YsaeGJU
skipped,,『揀選』 團契遊樂園6 揀選 （基督教詩歌）,muoh1Jpwvh0,,m2kmusic,『揀選』 團契遊樂園6 揀選 （基督教詩歌）,來源不在白名單,https://www.youtube.com/watch?v=muoh1Jpwvh0
skipped,,『原來是耶穌 』 團契遊樂園6 揀選 （基督教詩歌）,5-1o3X2liNc,,m2kmusic,『原來是耶穌 』 團契遊樂園6 揀選 （基督教詩歌）,來源不在白名單,https://www.youtube.com/watch?v=5-1o3X2liNc
skipped,,『謙卑禱告』 團契遊樂園10 耶穌，我深愛你（基督教詩歌）,cMO_9rQfCiY,,m2kmusic,『謙卑禱告』 團契遊樂園10 耶穌，我深愛你（基督教詩歌）,來源不在白名單,https://www.youtube.com/watch?v=cMO_9rQfCiY
skipped,,『偶然遇上的驚喜』 團契遊樂園3 薪火永傳（基督教詩歌）,rEFmG_RWHhY,,m2kmusic,『偶然遇上的驚喜』 團契遊樂園3 薪火永傳（基督教詩歌）,來源不在白名單,https://www.youtube.com/watch?v=rEFmG_RWHhY
skipped,,『認識你是祢』 團契遊樂園10 耶穌，我深愛你（基督教詩歌）,dsfsEvFjxME,,m2kmusic,『認識你是祢』 團契遊樂園10 耶穌，我深愛你（基督教詩歌）,來源不在白名單,https://www.youtube.com/watch?v=dsfsEvFjxME
skipped,,同心圓 |《祢是我神》TWS 敬拜者使團 (同心唱系列 | 歌詞領唱版),3ne_YTWSacU,,同心圓敬拜福音平台 One Circle,同心圓 |《祢是我神》TWS 敬拜者使團 (同心唱系列 | 歌詞領唱版),歌名已存在,https://www.youtube.com/watch?v=3ne_YTWSacU
skipped,,同心圓 |《耶和華以勒》TWS 敬拜者使團 (同心唱系列 | 歌詞領唱版),_ptl6lbH8pw,,同心圓敬拜福音平台 One Circle,同心圓 |《耶和華以勒》TWS 敬拜者使團 (同心唱系列 | 歌詞領唱版),歌名已存在,https://www.youtube.com/watch?v=_ptl6lbH8pw
skipped,,基督教會歌曲《人要愛神得體嘗到神可愛》【詩歌MV】,e87VRTlaD4M,,全能神教會,基督教會歌曲《人要愛神得體嘗到神可愛》【詩歌MV】,來源不在白名單,https://www.youtube.com/watch?v=e87VRTlaD4M
skipped,,基督教會歌曲《當珍惜愛神的機會》【詩歌MV】,RwjZLM6z7Qg,,全能神教會,基督教會歌曲《當珍惜愛神的機會》【詩歌MV】,來源不在白名單,https://www.youtube.com/watch?v=RwjZLM6z7Qg
skipped,,我心獻曲 (ReFill Live)｜台北復興堂 x 天韻合唱團,UlbaiF72JBc,,台北復興堂,我心獻曲 (ReFill Live)｜台北復興堂 x 天韻合唱團,來源不在白名單,https://www.youtube.com/watch?v=UlbaiF72JBc
skipped,,💖 2026 最感動中文敬拜詩歌 ✝️ 當你疲憊想哭時，願這14首歌重新擁抱你｜平安・恩典・同在充滿【回家 / 最美的祝福】,u5BgYNCgxfM,,神的同在 | Chinese Worship Songs,💖 2026 最感動中文敬拜詩歌 ✝️ 當你疲憊想哭時，願這14首歌重新擁抱你｜平安・恩典・同在充滿【回家 / 最美的祝福】,來源不在白名單,https://www.youtube.com/watch?v=u5BgYNCgxfM
skipped,,🔥 2026 中文敬拜讚美詩歌 ✝️ 當你覺得自己撐不下去時，願這7首歌再次給你力量｜平安・祝福・盼望充滿【祢不會丟棄我 / 最美的祝福】,unvWwWZBJjs,,神的同在 | Chinese Worship Songs,🔥 2026 中文敬拜讚美詩歌 ✝️ 當你覺得自己撐不下去時，願這7首歌再次給你力量｜平安・祝福・盼望充滿【祢不會丟棄我 / 最美的祝福】,來源不在白名單,https://www.youtube.com/watch?v=unvWwWZBJjs
skipped,,基督教會歌曲《衆子民各抒情懷》【詩歌MV】,Rz3vLGZqgok,,全能神教會,基督教會歌曲《衆子民各抒情懷》【詩歌MV】,來源不在白名單,https://www.youtube.com/watch?v=Rz3vLGZqgok
skipped,,〖「聽見」線上巡迴第一場〗不動搖的信心 / 我們等候愛慕耶穌 / 耶和華作王 / 我的生命獻給祢 / 為愛而生 / 奔跑不放棄 / 能不能 / 聽見這世代的呼喚 / 我要看見 / 我在這裡,BClNLF7VF2c,,讚美之泉 Stream Of Praise Music Ministries,〖「聽見」線上巡迴第一場〗不動搖的信心 / 我們等候愛慕耶穌 / 耶和華作王 / 我的生命獻給祢 / 為愛而生 / 奔跑不放棄 / 能不能 / 聽見這世代的呼喚 / 我要看見 / 我在這裡,片長不適合,https://www.youtube.com/watch?v=BClNLF7VF2c
skipped,,基恩敬拜｜粵語詩歌精選｜1小時｜詩歌敬拜｜Amazing Grace Worship｜One Hour｜Peaceful｜Meditation｜Music,p625uLBxMsk,,基恩敬拜 Amazing Grace Worship,基恩敬拜｜粵語詩歌精選｜1小時｜詩歌敬拜｜Amazing Grace Worship｜One Hour｜Peaceful｜Meditation｜Music,片長不適合,https://www.youtube.com/watch?v=p625uLBxMsk
skipped,,靈修音樂 Vol.1 - 鹹蛋音樂事工SEMM🍳,JzKZJA3WHY8,,鹹蛋音樂事工Salted Egg Music Ministry,靈修音樂 Vol.1 - 鹹蛋音樂事工SEMM🍳,片長不適合,https://www.youtube.com/watch?v=JzKZJA3WHY8
skipped,,憑信跨過 - 鹹蛋音樂事工SEMM🍳,Y6CF2cycswU,,鹹蛋音樂事工Salted Egg Music Ministry,憑信跨過 - 鹹蛋音樂事工SEMM🍳,歌名已存在,https://www.youtube.com/watch?v=Y6CF2cycswU
skipped,,Love Never Fails 愛永不止息 Cover - 鹹蛋音樂事工SEMM🍳,EKz6NMV_Dew,,鹹蛋音樂事工Salted Egg Music Ministry,Love Never Fails 愛永不止息 Cover - 鹹蛋音樂事工SEMM🍳,歌名過長或可能不是單曲,https://www.youtube.com/watch?v=EKz6NMV_Dew
skipped,,若未來留白 - 鹹蛋音樂事工SEMM🍳（建道神學院 「___ to the future青年會議」主題曲）,E4rC6CfwMaY,,鹹蛋音樂事工Salted Egg Music Ministry,若未來留白 - 鹹蛋音樂事工SEMM🍳（建道神學院 「___ to the future青年會議」主題曲）,歌名過長或可能不是單曲,https://www.youtube.com/watch?v=E4rC6CfwMaY
skipped,,願祢的話 || 粵語版 || 粵語翻譯詩歌,Y6yQi8kxJ5Y,,Simon Chung粵譯詩歌作品 - CantonHymn恢復粵語詩歌敬拜文化運動,願祢的話 || 粵語版 || 粵語翻譯詩歌,歌名已存在,https://www.youtube.com/watch?v=Y6yQi8kxJ5Y
skipped,,田野的樹木 The Trees of the Field || 粵語翻譯詩歌,-heqESYQMxU,,Simon Chung粵譯詩歌作品 - CantonHymn恢復粵語詩歌敬拜文化運動,田野的樹木 The Trees of the Field || 粵語翻譯詩歌,片長不適合,https://www.youtube.com/watch?v=-heqESYQMxU
skipped,,日日嗎哪 - 出埃及記 第14章（二）,bYSouEzzDNU,,Churchinhk (香港教會),日日嗎哪 - 出埃及記 第14章（二）,來源不在白名單,https://www.youtube.com/watch?v=bYSouEzzDNU
skipped,,【粵語詩歌】10首,THZQ-KifvV8,,CHARMÉ,【粵語詩歌】10首,來源不在白名單,https://www.youtube.com/watch?v=THZQ-KifvV8
skipped,,靠近主同行 (粵語詩歌) SCBC 詩班獻唱 | Cantonese Hymn | 士嘉堡華人浸信會,JnTCQUCYHOI,,SCBC Choir・士嘉堡華人浸信會詩班・Toronto,靠近主同行 (粵語詩歌) SCBC 詩班獻唱 | Cantonese Hymn | 士嘉堡華人浸信會,來源不在白名單,https://www.youtube.com/watch?v=JnTCQUCYHOI
skipped,,【粵語詩歌】10首,JUSDp9hoGpc,,CHARMÉ,【粵語詩歌】10首,來源不在白名單,https://www.youtube.com/watch?v=JUSDp9hoGpc
skipped,,【從亙古到永遠，我是祢甜美愛夢】中文詩歌 －（余光昭）香港神的教會,rOH_3HvPxJU,,香港神的教會 The Church of God in Hong Kong,【從亙古到永遠，我是祢甜美愛夢】中文詩歌 －（余光昭）香港神的教會,來源不在白名單,https://www.youtube.com/watch?v=rOH_3HvPxJU
skipped,,一首讚美的詩歌 // Lyric MV HD #粵語詩歌,s13FhDcibuc,,cantonworship,一首讚美的詩歌 // Lyric MV HD #粵語詩歌,來源不在白名單,https://www.youtube.com/watch?v=s13FhDcibuc
skipped,,輕輕聽 (粵語詩歌) Cantonese worship song/Live#粵語 #詩歌,av2HW7SMHlY,,粵語詩歌站 Cantonese Hymns Hub,輕輕聽 (粵語詩歌) Cantonese worship song/Live#粵語 #詩歌,來源不在白名單,https://www.youtube.com/watch?v=av2HW7SMHlY
skipped,,【詩歌歌詞】5首,owTHbZG9edc,,CHARMÉ,【詩歌歌詞】5首,來源不在白名單,https://www.youtube.com/watch?v=owTHbZG9edc
skipped,,粵語敬拜特輯【復興聖潔 / 祢的最愛 / 我們呼求 / 平安】｜讚美之泉 《天堂敬拜 ACOUSTIC》,mmbxbUd-rWM,,讚美之泉 Stream Of Praise Music Ministries,粵語敬拜特輯【復興聖潔 / 祢的最愛 / 我們呼求 / 平安】｜讚美之泉 《天堂敬拜 ACOUSTIC》,未能整理歌名,https://www.youtube.com/watch?v=mmbxbUd-rWM
skipped,,Happy Day || 粵語翻譯詩歌,u3jTK7QzJYY,,Simon Chung粵譯詩歌作品 - CantonHymn恢復粵語詩歌敬拜文化運動,Happy Day || 粵語翻譯詩歌,未能整理歌名,https://www.youtube.com/watch?v=u3jTK7QzJYY
skipped,,開路者 Way Maker 粵語 廣東話 CANTONHYMN x SongofSongs,OtYitPEIEgg,,SONGofSONGS,開路者 Way Maker 粵語 廣東話 CANTONHYMN x SongofSongs,來源不在白名單,https://www.youtube.com/watch?v=OtYitPEIEgg
skipped,,🔥【2026 烈火特會】烈火敬拜必唱慢歌清單,FP5xOvGrOFw,,烈火特會 FireConference,🔥【2026 烈火特會】烈火敬拜必唱慢歌清單,來源不在白名單,https://www.youtube.com/watch?v=FP5xOvGrOFw
skipped,,💖 2026 最感動中文敬拜詩歌 ✝️ 當你疲憊想哭時，願這14首歌重新擁抱你｜平安・恩典・同在充滿【回家 / 最美的祝福】,u5BgYNCgxfM,,神的同在 | Chinese Worship Songs,💖 2026 最感動中文敬拜詩歌 ✝️ 當你疲憊想哭時，願這14首歌重新擁抱你｜平安・恩典・同在充滿【回家 / 最美的祝福】,來源不在白名單,https://www.youtube.com/watch?v=u5BgYNCgxfM
skipped,,讚美敬拜金曲精選集 ✝️ 2026年帶來平安與寧靜的基督教音樂 🛐 讚美神，驅除你生命中的一切邪惡 🙏 60首最佳基督教敬拜歌曲 / 賦予力量的有力讚美 【動態歌詞 / Lyrics Video】,2Zf1e2Gh9xs,,热爱基督教音乐,讚美敬拜金曲精選集 ✝️ 2026年帶來平安與寧靜的基督教音樂 🛐 讚美神，驅除你生命中的一切邪惡 🙏 60首最佳基督教敬拜歌曲 / 賦予力量的有力讚美 【動態歌詞 / Lyrics Video】,來源不在白名單,https://www.youtube.com/watch?v=2Zf1e2Gh9xs
skipped,,【Merciful Love / 憐憫的愛】官方歌詞MV - 約書亞樂團 ft.璽恩SiEnVanessa,mzwPDoWGCl0,,Joshua Band 約書亞樂團,【Merciful Love / 憐憫的愛】官方歌詞MV - 約書亞樂團 ft.璽恩SiEnVanessa,未能整理歌名,https://www.youtube.com/watch?v=mzwPDoWGCl0
skipped,,【祢配得全所有 Worthy of It All / 我尊崇祢 I Exalt Thee】官方歌詞MV - 約書亞樂團 ft. 趙治德,nuI_qZ43YMo,,Joshua Band 約書亞樂團,【祢配得全所有 Worthy of It All / 我尊崇祢 I Exalt Thee】官方歌詞MV - 約書亞樂團 ft. 趙治德,未能整理歌名,https://www.youtube.com/watch?v=nuI_qZ43YMo
skipped,,約書亞樂團｜三小時｜敬拜精選1｜慢歌｜不間斷｜中文詩歌｜敬拜｜播放清單,q1MLeGaobvE,,Joshua Band 約書亞樂團,約書亞樂團｜三小時｜敬拜精選1｜慢歌｜不間斷｜中文詩歌｜敬拜｜播放清單,片長不適合,https://www.youtube.com/watch?v=q1MLeGaobvE
skipped,,盛曉玫詩歌精選 3 陪伴系列 愛中得療癒  45分鐘連續播放,96no89q4Wik,,泥土音樂Clay Music,盛曉玫詩歌精選 3 陪伴系列 愛中得療癒  45分鐘連續播放,片長不適合,https://www.youtube.com/watch?v=96no89q4Wik
skipped,,盛曉玫詩歌精選 4 陪伴系列 心歡喜靈快樂  45分鐘連續播放,TvsYxa-4omU,,泥土音樂Clay Music,盛曉玫詩歌精選 4 陪伴系列 心歡喜靈快樂  45分鐘連續播放,片長不適合,https://www.youtube.com/watch?v=TvsYxa-4omU
skipped,,盛曉玫新創作組曲12首 一次聽,8z2syVwy4C4,,泥土音樂Clay Music,盛曉玫新創作組曲12首 一次聽,片長不適合,https://www.youtube.com/watch?v=8z2syVwy4C4
skipped,,精选 盛曉玫 | 泥土音樂 || 盛曉玫詩歌精選 16 陪伴系列 心歡喜靈快樂 120分鐘連續播放 || 泥土音樂热门赞美诗合辑｜2小时敬拜音乐｜2小时祷告领受,LrndDpVXuUk,,基督教歌曲,精选 盛曉玫 | 泥土音樂 || 盛曉玫詩歌精選 16 陪伴系列 心歡喜靈快樂 120分鐘連續播放 || 泥土音樂热门赞美诗合辑｜2小时敬拜音乐｜2小时祷告领受,來源不在白名單,https://www.youtube.com/watch?v=LrndDpVXuUk
skipped,,盛曉玫 輕快詩歌精選  一小時連續播放,R1ntZZ26kRc,,泥土音樂Clay Music,盛曉玫 輕快詩歌精選  一小時連續播放,片長不適合,https://www.youtube.com/watch?v=R1ntZZ26kRc
skipped,,盛曉玫療癒詩歌精選  帶您走出憂鬱 在愛中得醫治 連續播放,86RebtJ1duM,,泥土音樂Clay Music,盛曉玫療癒詩歌精選  帶您走出憂鬱 在愛中得醫治 連續播放,片長不適合,https://www.youtube.com/watch?v=86RebtJ1duM
skipped,,盛曉玫詩歌精選 6 陪伴系列 50分鐘連續播放,be-u5MtK71c,,泥土音樂Clay Music,盛曉玫詩歌精選 6 陪伴系列 50分鐘連續播放,片長不適合,https://www.youtube.com/watch?v=be-u5MtK71c
skipped,,盛曉玫詩歌精選  暖心的泥土音樂詩歌 連續播放,Ov_J_mN8CLQ,,泥土音樂Clay Music,盛曉玫詩歌精選  暖心的泥土音樂詩歌 連續播放,片長不適合,https://www.youtube.com/watch?v=Ov_J_mN8CLQ
skipped,,盛曉玫 泥土音樂 最適合安靜聆聽的詩歌 十首連續播放 （含歌詞）,cLjXQsomj6k,,泥土音樂Clay Music,盛曉玫 泥土音樂 最適合安靜聆聽的詩歌 十首連續播放 （含歌詞）,片長不適合,https://www.youtube.com/watch?v=cLjXQsomj6k
skipped,,盛曉玫詩歌精選 2 陪伴系列 使你重新得力  45分鐘連續播放,3nTLcz8E5uw,,泥土音樂Clay Music,盛曉玫詩歌精選 2 陪伴系列 使你重新得力  45分鐘連續播放,片長不適合,https://www.youtube.com/watch?v=3nTLcz8E5uw
skipped,,盛曉玫詩歌精選 5 陪伴系列 主耶穌的愛  50分鐘連續播放,9gFfzsJtSWQ,,泥土音樂Clay Music,盛曉玫詩歌精選 5 陪伴系列 主耶穌的愛  50分鐘連續播放,片長不適合,https://www.youtube.com/watch?v=9gFfzsJtSWQ
skipped,,耶穌在我裡面 Jesus Lives In Me 盛曉玫 Amy Sand 泥土音樂專輯 6：幸福,s3NtVgSzjGo,,泥土音樂Clay Music,耶穌在我裡面 Jesus Lives In Me 盛曉玫 Amy Sand 泥土音樂專輯 6：幸福,歌名過長或可能不是單曲,https://www.youtube.com/watch?v=s3NtVgSzjGo
skipped,,"幸福/ Blessed, 盛曉玫 / Amy Sand, 泥土音樂專輯 6：幸福",Q3m-in8i6FU,,泥土音樂Clay Music,"幸福/ Blessed, 盛曉玫 / Amy Sand, 泥土音樂專輯 6：幸福",未能整理歌名,https://www.youtube.com/watch?v=Q3m-in8i6FU
skipped,,靈修音樂 泥土精選鋼琴輕音樂 Vol.1 45分鐘連續播放 Relaxing Worship Music,Dwi33-ZxmQk,,泥土音樂Clay Music,靈修音樂 泥土精選鋼琴輕音樂 Vol.1 45分鐘連續播放 Relaxing Worship Music,片長不適合,https://www.youtube.com/watch?v=Dwi33-ZxmQk
skipped,,〈Serenity Prayer 平靜禱文〉三部合唱版 【建道神學院新祢呈敬拜隊隊員詩歌創作】,SzR6ch22N-s,,建道神學院新祢呈敬拜隊,〈Serenity Prayer 平靜禱文〉三部合唱版 【建道神學院新祢呈敬拜隊隊員詩歌創作】,歌名過長或可能不是單曲,https://www.youtube.com/watch?v=SzR6ch22N-s
skipped,,全然歸祢（角聲使團－重投豐盛專輯）,6AjmdlQZt7Q,,Blessing Channel,全然歸祢（角聲使團－重投豐盛專輯）,來源不在白名單,https://www.youtube.com/watch?v=6AjmdlQZt7Q
skipped,,角聲使團 The Heralders《全地至高是我主》[Official Lyric Video],-gRLvt8SjMM,,角聲使團 The Heralders,角聲使團 The Heralders《全地至高是我主》[Official Lyric Video],歌名已存在,https://www.youtube.com/watch?v=-gRLvt8SjMM
skipped,,角聲使團 The Heralders《至高尊貴的祢》[Official Lyric Video],HkAczox3JSY,,角聲使團 The Heralders,角聲使團 The Heralders《至高尊貴的祢》[Official Lyric Video],歌名已存在,https://www.youtube.com/watch?v=HkAczox3JSY
skipped,,祂將你銘刻掌上 He Has Engraved You on His Hands | 詩歌敬拜 | Mother's Day Special | 4K Loop,oWPZdMrFHiA,,讚美的旋律,祂將你銘刻掌上 He Has Engraved You on His Hands | 詩歌敬拜 | Mother's Day Special | 4K Loop,來源不在白名單,https://www.youtube.com/watch?v=oWPZdMrFHiA
skipped,,祂施恩给谦卑的人 ｜ 一首温柔而敬畏的诗歌，安慰在幽谷中的人，也提醒在高处的人，以谦卑与信心回应神永不止息的恩典。,3-2R0uBfV_8,,麦子音符,祂施恩给谦卑的人 ｜ 一首温柔而敬畏的诗歌，安慰在幽谷中的人，也提醒在高处的人，以谦卑与信心回应神永不止息的恩典。,來源不在白名單,https://www.youtube.com/watch?v=3-2R0uBfV_8
skipped,,基督教會歌曲《衆子民各抒情懷》【詩歌MV】,Rz3vLGZqgok,,全能神教會,基督教會歌曲《衆子民各抒情懷》【詩歌MV】,來源不在白名單,https://www.youtube.com/watch?v=Rz3vLGZqgok
skipped,,角聲使團 The Heralders 《敬拜無界限 Boundless Worship》 Ep. 1【至高尊貴的祢 | 無可比的愛 | 原來有祢 | 因著信】(4K UHD),KDM5wm1Ik7k,,角聲使團 The Heralders,角聲使團 The Heralders 《敬拜無界限 Boundless Worship》 Ep. 1【至高尊貴的祢 | 無可比的愛 | 原來有祢 | 因著信】(4K UHD),片長不適合,https://www.youtube.com/watch?v=KDM5wm1Ik7k
skipped,,是為主而活 (Stormproof live version) //  玻璃海樂團 // Worship Nations,PHP8D8HO688,,WN X 玻璃海樂團 X PHOTIC,是為主而活 (Stormproof live version) //  玻璃海樂團 // Worship Nations,未能整理歌名,https://www.youtube.com/watch?v=PHP8D8HO688
skipped,,我的日子如何 // 玻璃海樂團 // Worship Nations //,V6sn8nrtEkU,,WN X 玻璃海樂團 X PHOTIC,我的日子如何 // 玻璃海樂團 // Worship Nations //,未能整理歌名,https://www.youtube.com/watch?v=V6sn8nrtEkU
skipped,,我們都是這樣靠主走過的 (Official Lyric MV) // Hope城 // 玻璃海樂團,bq1mHOoXU9M,,WN X 玻璃海樂團 X PHOTIC,我們都是這樣靠主走過的 (Official Lyric MV) // Hope城 // 玻璃海樂團,未能整理歌名,https://www.youtube.com/watch?v=bq1mHOoXU9M
skipped,,耶穌我感謝你  - 玻璃海 Psalm.5 (Official Lyric MV)  // Worship Nations // 玻璃海樂團,123L18Fq8S8,,WN X 玻璃海樂團 X PHOTIC,耶穌我感謝你  - 玻璃海 Psalm.5 (Official Lyric MV)  // Worship Nations // 玻璃海樂團,未能整理歌名,https://www.youtube.com/watch?v=123L18Fq8S8
skipped,,哀歌 - 玻璃海 Psalm.5  (Official Lyric MV) // Worship Nations // 玻璃海樂團,GK5A8GKAkqQ,,WN X 玻璃海樂團 X PHOTIC,哀歌 - 玻璃海 Psalm.5  (Official Lyric MV) // Worship Nations // 玻璃海樂團,未能整理歌名,https://www.youtube.com/watch?v=GK5A8GKAkqQ
skipped,,小小的雙手(Offical MV) // 玻璃海樂團// Worship Nations //,TsNIHqHRbwo,,WN X 玻璃海樂團 X PHOTIC,小小的雙手(Offical MV) // 玻璃海樂團// Worship Nations //,未能整理歌名,https://www.youtube.com/watch?v=TsNIHqHRbwo
skipped,,行奇事的神 Stormproof Live MV // 玻璃海V // 玻璃海樂團 // Worship Nations //,08Sh4t7qBcU,,WN X 玻璃海樂團 X PHOTIC,行奇事的神 Stormproof Live MV // 玻璃海V // 玻璃海樂團 // Worship Nations //,未能整理歌名,https://www.youtube.com/watch?v=08Sh4t7qBcU
skipped,,𝗣𝗹𝗮𝘆𝗹𝗶𝘀𝘁 | 화요일에 듣는 마음이 편안해지는 찬양 | 피아노 찬양 모음 | Graceful CCM Piano,TCJOYSWiE80,,힘들때Hymn들어 | Listen Hymn,𝗣𝗹𝗮𝘆𝗹𝗶𝘀𝘁 | 화요일에 듣는 마음이 편안해지는 찬양 | 피아노 찬양 모음 | Graceful CCM Piano,來源不在白名單,https://www.youtube.com/watch?v=TCJOYSWiE80
skipped,,玻璃海樂團現場敬拜//April Worship Nations // 20200405,OJcvd11lklo,,WN X 玻璃海樂團 X PHOTIC,玻璃海樂團現場敬拜//April Worship Nations // 20200405,片長不適合,https://www.youtube.com/watch?v=OJcvd11lklo
skipped,,主日敬拜 #玻璃海樂團 @WorshipNations 2023年6月18日,DZb45G4NFGQ,,基督教復興教會 Revival Christian Church,主日敬拜 #玻璃海樂團 @WorshipNations 2023年6月18日,來源不在白名單,https://www.youtube.com/watch?v=DZb45G4NFGQ
skipped,,💖 2026 最感動中文敬拜詩歌 ✝️ 當你疲憊想哭時，願這14首歌重新擁抱你｜平安・恩典・同在充滿【回家 / 最美的祝福】,u5BgYNCgxfM,,神的同在 | Chinese Worship Songs,💖 2026 最感動中文敬拜詩歌 ✝️ 當你疲憊想哭時，願這14首歌重新擁抱你｜平安・恩典・同在充滿【回家 / 最美的祝福】,來源不在白名單,https://www.youtube.com/watch?v=u5BgYNCgxfM
skipped,,KUA WORSHIP【巨人都要倒下 / 我要歌頌祢聖名 / 我安然居住】KUA敬拜團,HGpxnEIrEUA,,KUA GLOBAL 跨越,KUA WORSHIP【巨人都要倒下 / 我要歌頌祢聖名 / 我安然居住】KUA敬拜團,來源不在白名單,https://www.youtube.com/watch?v=HGpxnEIrEUA
skipped,,KUA WORSHIP【揮別昨日 / 我已經決定要跟隨耶穌 / 我寧願有耶穌 / 差我】KUA男子敬拜 Feat. 張康利x于秉宸x張愛平x陳奇恩x游士德,Gd83jYEloUg,,KUA GLOBAL 跨越,KUA WORSHIP【揮別昨日 / 我已經決定要跟隨耶穌 / 我寧願有耶穌 / 差我】KUA男子敬拜 Feat. 張康利x于秉宸x張愛平x陳奇恩x游士德,來源不在白名單,https://www.youtube.com/watch?v=Gd83jYEloUg
skipped,,【雨過會天晴 [耶穌 耶穌 我呼求祢] / 深不見底的愛 / 為榮耀的創造 / 只要有祢在我左右】｜讚美之泉《天堂敬拜 LIVE》,sOMvRD0qjjg,,讚美之泉 Stream Of Praise Music Ministries,【雨過會天晴 [耶穌 耶穌 我呼求祢] / 深不見底的愛 / 為榮耀的創造 / 只要有祢在我左右】｜讚美之泉《天堂敬拜 LIVE》,未能整理歌名,https://www.youtube.com/watch?v=sOMvRD0qjjg
skipped,,[足本放送] 置身玻璃海敬拜讚美會2015,7oGAnHoDeDM,,WN X 玻璃海樂團 X PHOTIC,[足本放送] 置身玻璃海敬拜讚美會2015,片長不適合,https://www.youtube.com/watch?v=7oGAnHoDeDM
skipped,,『原創敬拜』【活在信心裡Live by Faith】- LOOOVE 美歌者音樂事工,kO8EvjC5k-Y,,LOOOVE 美歌者 X 穿軍裝的羊 🐏,『原創敬拜』【活在信心裡Live by Faith】- LOOOVE 美歌者音樂事工,來源不在白名單,https://www.youtube.com/watch?v=kO8EvjC5k-Y
skipped,,【靈動心弦 ‧ 詩歌】《恩典如海》 | 永不乾涸，數算恩典 | 風浪洶湧，磐石穩立 | 一首滿有恩典的詩歌 A song of praise | DWG worship,ImeFHZwG_Io,,DWG Worship 與神同行 Daily with God Music,【靈動心弦 ‧ 詩歌】《恩典如海》 | 永不乾涸，數算恩典 | 風浪洶湧，磐石穩立 | 一首滿有恩典的詩歌 A song of praise | DWG worship,來源不在白名單,https://www.youtube.com/watch?v=ImeFHZwG_Io
skipped,,逃召 x 至死忠心 (Stormproof Live Worship Version)// Milk&Honey Worship x 玻璃海樂團 // Worship Nations,ZqmVMz8ATXg,,WN X 玻璃海樂團 X PHOTIC,逃召 x 至死忠心 (Stormproof Live Worship Version)// Milk&Honey Worship x 玻璃海樂團 // Worship Nations,未能整理歌名,https://www.youtube.com/watch?v=ZqmVMz8ATXg
skipped,,願這城平安 Official MV // 玻璃海樂團// Hope城 // Worship Nations //,hyAREEkzwQ8,,WN X 玻璃海樂團 X PHOTIC,願這城平安 Official MV // 玻璃海樂團// Hope城 // Worship Nations //,未能整理歌名,https://www.youtube.com/watch?v=hyAREEkzwQ8
skipped,,唯一聖誕主角 // Worship Nations // 玻璃海樂團,ZTvQMJ5cUs4,,WN X 玻璃海樂團 X PHOTIC,唯一聖誕主角 // Worship Nations // 玻璃海樂團,未能整理歌名,https://www.youtube.com/watch?v=ZTvQMJ5cUs4
skipped,,|| : 願盡我一生 | Raw Harmony x Onetrack HK | Crossover : ||,xn8i9Yz4RLU,,原始和聲 Raw Harmony,|| : 願盡我一生 | Raw Harmony x Onetrack HK | Crossover : ||,未能整理歌名,https://www.youtube.com/watch?v=xn8i9Yz4RLU
skipped,,||: 耶和華尼西 | 李漫渟 Manting Lee | 真 · 敬拜瞬間 :||,9-CYe9EK5bM,,原始和聲 Raw Harmony,||: 耶和華尼西 | 李漫渟 Manting Lee | 真 · 敬拜瞬間 :||,未能整理歌名,https://www.youtube.com/watch?v=9-CYe9EK5bM
skipped,,||: 祢深知道我 | 李漫渟 Manting Lee | 真 • 敬拜瞬間 :||,t7fGaBy0cdg,,原始和聲 Raw Harmony,||: 祢深知道我 | 李漫渟 Manting Lee | 真 • 敬拜瞬間 :||,未能整理歌名,https://www.youtube.com/watch?v=t7fGaBy0cdg
skipped,,||: 保守我心 | 朱肇階 Daniel Chu | 敬拜瞬間 :||,RHXlDJ7d4IQ,,原始和聲 Raw Harmony,||: 保守我心 | 朱肇階 Daniel Chu | 敬拜瞬間 :||,未能整理歌名,https://www.youtube.com/watch?v=RHXlDJ7d4IQ
skipped,,|| : 同載同在 | 真 · 敬拜瞬間 : ||,RzuzXMPKqnI,,原始和聲 Raw Harmony,|| : 同載同在 | 真 · 敬拜瞬間 : ||,未能整理歌名,https://www.youtube.com/watch?v=RzuzXMPKqnI
skipped,,若我 (Live),dPr5_NAqfq8,,原始和聲 Raw Harmony,若我 (Live),片長不適合,https://www.youtube.com/watch?v=dPr5_NAqfq8
skipped,,||: 若我 | 朱肇階 Daniel Chu | 真 · 敬拜瞬間 :||,a1BbaX6Zx80,,原始和聲 Raw Harmony,||: 若我 | 朱肇階 Daniel Chu | 真 · 敬拜瞬間 :||,未能整理歌名,https://www.youtube.com/watch?v=a1BbaX6Zx80
skipped,,|| : 約書亞 | 關望生 Joshua Kwan | 2026 無有 · 敬拜瞬間 : ||,xqrpKWbvCMs,,原始和聲 Raw Harmony,|| : 約書亞 | 關望生 Joshua Kwan | 2026 無有 · 敬拜瞬間 : ||,未能整理歌名,https://www.youtube.com/watch?v=xqrpKWbvCMs
skipped,,||: 祢深知道我 | 李漫渟 Manting Lee | 詩篇139 | Demo :||,MPQEGI7qISU,,原始和聲 Raw Harmony,||: 祢深知道我 | 李漫渟 Manting Lee | 詩篇139 | Demo :||,未能整理歌名,https://www.youtube.com/watch?v=MPQEGI7qISU
skipped,,|| : 以賽亞書 60 | 李漫渟Manting Lee | 敬拜瞬間 : ||,LviSJOrG--U,,原始和聲 Raw Harmony,|| : 以賽亞書 60 | 李漫渟Manting Lee | 敬拜瞬間 : ||,未能整理歌名,https://www.youtube.com/watch?v=LviSJOrG--U
skipped,,|| : 一無 | 關望生 Joshua Kwan | Demo : ||,ZOY-lAzAUaU,,原始和聲 Raw Harmony,|| : 一無 | 關望生 Joshua Kwan | Demo : ||,未能整理歌名,https://www.youtube.com/watch?v=ZOY-lAzAUaU
skipped,,||: 唯有主基督 | 朱肇階 Daniel Chu | COMMON / GROUND :||,oAaN-FE3GuY,,原始和聲 Raw Harmony,||: 唯有主基督 | 朱肇階 Daniel Chu | COMMON / GROUND :||,未能整理歌名,https://www.youtube.com/watch?v=oAaN-FE3GuY
skipped,,|| : 主禱文 (在天上的父) | 關望生 Joshua Kwan | Demo : ||,O_TU3u97kJc,,原始和聲 Raw Harmony,|| : 主禱文 (在天上的父) | 關望生 Joshua Kwan | Demo : ||,未能整理歌名,https://www.youtube.com/watch?v=O_TU3u97kJc
skipped,,||: 願盡我一生 | 關望生 Joshua Kwan | 真 · 敬拜瞬間 :||,lknFB--sYqQ,,原始和聲 Raw Harmony,||: 願盡我一生 | 關望生 Joshua Kwan | 真 · 敬拜瞬間 :||,未能整理歌名,https://www.youtube.com/watch?v=lknFB--sYqQ
skipped,,|| : 從歲首到年終 | 鄧榮傑 Terry Tang | Demo : ||,jVd98peTzfw,,原始和聲 Raw Harmony,|| : 從歲首到年終 | 鄧榮傑 Terry Tang | Demo : ||,未能整理歌名,https://www.youtube.com/watch?v=jVd98peTzfw
skipped,,建殿者的呼聲 (Live),z5GEeONtCi4,,原始和聲 Raw Harmony,建殿者的呼聲 (Live),片長不適合,https://www.youtube.com/watch?v=z5GEeONtCi4
skipped,,||: 建殿者的呼聲 | 朱肇階 Daniel Chu | 真·敬拜瞬間 :||,_KwjfqgDnF4,,原始和聲 Raw Harmony,||: 建殿者的呼聲 | 朱肇階 Daniel Chu | 真·敬拜瞬間 :||,未能整理歌名,https://www.youtube.com/watch?v=_KwjfqgDnF4
skipped,,信 (Live),3_z9GEHgZwg,,原始和聲 Raw Harmony,信 (Live),片長不適合,https://www.youtube.com/watch?v=3_z9GEHgZwg
skipped,,简体拼音版,S9UhSjvVFVg,532,小羊詩歌,【简体拼音版】祢是我的平安 Live | 小羊诗歌《祢是我的平安 Live》单曲专辑,瀏覽量低於 3000,https://www.youtube.com/watch?v=S9UhSjvVFVg
skipped,,能不能,VzID6jqRwU4,1610,CantonHymn恢復粵語詩歌敬拜文化運動,能不能 - 讚美之泉 (廣東話版 Cantonese Demo Cover),瀏覽量低於 3000,https://www.youtube.com/watch?v=VzID6jqRwU4
skipped,,上帝是全能,U0QDt0Jht4U,312,Simon Chung粵譯詩歌作品 - CantonHymn恢復粵語詩歌敬拜文化運動,上帝是全能 Holy Is the Lord || 粵語翻譯詩歌,瀏覽量低於 3000,https://www.youtube.com/watch?v=U0QDt0Jht4U
skipped,,埃及,9EOcSHgYrVM,253,Simon Chung粵譯詩歌作品 - CantonHymn恢復粵語詩歌敬拜文化運動,埃及 Egypt || 粵語翻譯詩歌 || ⭐,瀏覽量低於 3000,https://www.youtube.com/watch?v=9EOcSHgYrVM
skipped,,我要向祢放聲高歌,c-K-QbSLdQM,133,Simon Chung粵譯詩歌作品 - CantonHymn恢復粵語詩歌敬拜文化運動,我要向祢放聲高歌 To Our God || 粵語翻譯詩歌,瀏覽量低於 3000,https://www.youtube.com/watch?v=c-K-QbSLdQM
skipped,,智慧的開端,IqZyrHgdbDI,33,Simon Chung粵譯詩歌作品 - CantonHymn恢復粵語詩歌敬拜文化運動,智慧的開端 Where It All Begins || 粵語翻譯詩歌 || ⭐,瀏覽量低於 3000,https://www.youtube.com/watch?v=IqZyrHgdbDI
skipped,,獻出所有,crOYkY6b434,1228,Simon Chung粵譯詩歌作品 - CantonHymn恢復粵語詩歌敬拜文化運動,獻出所有 With All I Am || 粵語翻譯詩歌,瀏覽量低於 3000,https://www.youtube.com/watch?v=crOYkY6b434
skipped,,沒有可阻（ 成了）,IBc1HRpf1k4,39,Simon Chung粵譯詩歌作品 - CantonHymn恢復粵語詩歌敬拜文化運動,沒有可阻（ 成了） Nothing Can Stop It Is Finished || 粵語翻譯詩歌 || ⭐,瀏覽量低於 3000,https://www.youtube.com/watch?v=IBc1HRpf1k4
skipped,,願祢更新我,2UZVRnQrq34,1058,Simon Chung粵譯詩歌作品 - CantonHymn恢復粵語詩歌敬拜文化運動,願祢更新我 Change My Heart O God || 粵語翻譯詩歌,瀏覽量低於 3000,https://www.youtube.com/watch?v=2UZVRnQrq34
skipped,,初心 주님을 예배하는 것,4ZSXxd7bPGE,1118,CantonHymn恢復粵語詩歌敬拜文化運動,初心 주님을 예배하는 것 Cantonese Demo Cover,瀏覽量低於 3000,https://www.youtube.com/watch?v=4ZSXxd7bPGE
